-- phpMyAdmin SQL Dump
-- version 4.6.2
-- https://www.phpmyadmin.net/
--
-- Host: localhost
-- Generation Time: Sep 04, 2016 at 07:59 AM
-- Server version: 10.1.14-MariaDB
-- PHP Version: 7.0.7

SET SQL_MODE = "NO_AUTO_VALUE_ON_ZERO";
SET time_zone = "+00:00";


/*!40101 SET @OLD_CHARACTER_SET_CLIENT=@@CHARACTER_SET_CLIENT */;
/*!40101 SET @OLD_CHARACTER_SET_RESULTS=@@CHARACTER_SET_RESULTS */;
/*!40101 SET @OLD_COLLATION_CONNECTION=@@COLLATION_CONNECTION */;
/*!40101 SET NAMES utf8mb4 */;

--
-- Database: `papa`
--

-- --------------------------------------------------------

--
-- Table structure for table `graphics`
--

CREATE TABLE `graphics` (
  `id` int(10) UNSIGNED NOT NULL,
  `location_id` int(11) NOT NULL,
  `input_date` timestamp NOT NULL DEFAULT CURRENT_TIMESTAMP ON UPDATE CURRENT_TIMESTAMP,
  `age_17` varchar(255) COLLATE utf8_unicode_ci NOT NULL,
  `age_18_24` varchar(255) COLLATE utf8_unicode_ci NOT NULL,
  `age_25_34` varchar(255) COLLATE utf8_unicode_ci NOT NULL,
  `age_35_44` varchar(255) COLLATE utf8_unicode_ci NOT NULL,
  `age_45_54` varchar(255) COLLATE utf8_unicode_ci NOT NULL,
  `age_55_64` varchar(255) COLLATE utf8_unicode_ci NOT NULL,
  `age_65` varchar(255) COLLATE utf8_unicode_ci NOT NULL,
  `male` varchar(255) COLLATE utf8_unicode_ci NOT NULL,
  `female` varchar(255) COLLATE utf8_unicode_ci NOT NULL,
  `arpu_50` varchar(255) COLLATE utf8_unicode_ci NOT NULL,
  `arpu_50_100` varchar(255) COLLATE utf8_unicode_ci NOT NULL,
  `arpu_100_200` varchar(255) COLLATE utf8_unicode_ci NOT NULL,
  `arpu_200_500` varchar(255) COLLATE utf8_unicode_ci NOT NULL,
  `arpu_500_1000` varchar(255) COLLATE utf8_unicode_ci NOT NULL,
  `arpu_1000` varchar(255) COLLATE utf8_unicode_ci NOT NULL,
  `culinary` varchar(255) COLLATE utf8_unicode_ci NOT NULL,
  `shopping` varchar(255) COLLATE utf8_unicode_ci NOT NULL,
  `music` varchar(255) COLLATE utf8_unicode_ci NOT NULL,
  `outdoor` varchar(255) COLLATE utf8_unicode_ci NOT NULL,
  `sport` varchar(255) COLLATE utf8_unicode_ci NOT NULL,
  `fashion` varchar(255) COLLATE utf8_unicode_ci NOT NULL,
  `as` varchar(255) COLLATE utf8_unicode_ci NOT NULL,
  `lp` varchar(255) COLLATE utf8_unicode_ci NOT NULL,
  `sp` varchar(255) COLLATE utf8_unicode_ci NOT NULL,
  `kh` varchar(255) COLLATE utf8_unicode_ci NOT NULL,
  `a` varchar(255) COLLATE utf8_unicode_ci NOT NULL,
  `b` varchar(255) COLLATE utf8_unicode_ci NOT NULL,
  `c` varchar(255) COLLATE utf8_unicode_ci NOT NULL,
  `d` varchar(255) COLLATE utf8_unicode_ci NOT NULL,
  `e` varchar(255) COLLATE utf8_unicode_ci NOT NULL,
  `data_y` varchar(255) COLLATE utf8_unicode_ci NOT NULL,
  `data_n` varchar(255) COLLATE utf8_unicode_ci NOT NULL,
  `smartphone` varchar(255) COLLATE utf8_unicode_ci NOT NULL DEFAULT '',
  `featurephone` varchar(255) COLLATE utf8_unicode_ci NOT NULL,
  `created_at` timestamp NULL DEFAULT NULL,
  `updated_at` timestamp NULL DEFAULT NULL
) ENGINE=InnoDB DEFAULT CHARSET=utf8 COLLATE=utf8_unicode_ci;

--
-- Dumping data for table `graphics`
--

INSERT INTO `graphics` (`id`, `location_id`, `input_date`, `age_17`, `age_18_24`, `age_25_34`, `age_35_44`, `age_45_54`, `age_55_64`, `age_65`, `male`, `female`, `arpu_50`, `arpu_50_100`, `arpu_100_200`, `arpu_200_500`, `arpu_500_1000`, `arpu_1000`, `culinary`, `shopping`, `music`, `outdoor`, `sport`, `fashion`, `as`, `lp`, `sp`, `kh`, `a`, `b`, `c`, `d`, `e`, `data_y`, `data_n`, `smartphone`, `featurephone`, `created_at`, `updated_at`) VALUES
(1, 1, '2016-06-17 17:00:00', '15', '331', '1607', '1445', '913', '242', '36', '1935', '2187', '2410', '2410', '1899', '1517', '286', '68', '3178', '3545', '1014', '1326', '1984', '1951', '1488', '506', '4770', '453', '556', '311', '781', '1348', '1124', '5558', '2712', '2295', '5975', '2016-09-03 22:50:03', '2016-09-03 22:50:03'),
(2, 2, '2016-06-17 17:00:00', '15', '295', '1078', '731', '445', '116', '30', '1060', '1159', '948', '948', '998', '1547', '398', '128', '1612', '2070', '695', '964', '1478', '1337', '510', '278', '3344', '483', '594', '191', '453', '567', '413', '5099', '524', '2023', '3600', '2016-09-03 22:50:03', '2016-09-03 22:50:03'),
(3, 3, '2016-06-17 17:00:00', '23', '59', '166', '116', '85', '25', '2', '224', '151', '259', '259', '210', '187', '51', '7', '270', '343', '102', '125', '217', '207', '165', '97', '453', '73', '82', '34', '79', '99', '81', '813', '132', '345', '600', '2016-09-03 22:50:03', '2016-09-03 22:50:03'),
(4, 4, '2016-06-17 17:00:00', '3', '98', '452', '383', '226', '45', '3', '685', '416', '416', '416', '484', '527', '96', '23', '862', '964', '256', '352', '505', '501', '437', '138', '1132', '113', '187', '151', '252', '330', '181', '1796', '312', '771', '1337', '2016-09-03 22:50:03', '2016-09-03 22:50:03'),
(5, 1, '2016-06-18 17:00:00', '23', '481', '1922', '1626', '1009', '287', '32', '2094', '2714', '2577', '2577', '2090', '1986', '414', '87', '3629', '4151', '1136', '1556', '2365', '2420', '1489', '562', '5739', '551', '756', '387', '953', '1484', '1225', '7049', '2628', '2946', '6731', '2016-09-03 22:50:03', '2016-09-03 22:50:03'),
(6, 2, '2016-06-18 17:00:00', '17', '410', '1362', '846', '565', '155', '44', '1270', '1570', '1103', '1103', '1192', '1997', '499', '158', '2055', '2659', '840', '1117', '1845', '1701', '613', '326', '4179', '539', '870', '216', '579', '652', '523', '6410', '551', '2620', '4341', '2016-09-03 22:50:03', '2016-09-03 22:50:03'),
(7, 3, '2016-06-18 17:00:00', '6', '84', '301', '220', '135', '23', '2', '393', '297', '461', '461', '291', '366', '86', '27', '502', '641', '127', '207', '352', '405', '292', '156', '816', '79', '150', '71', '111', '192', '166', '1362', '231', '615', '978', '2016-09-03 22:50:03', '2016-09-03 22:50:03'),
(8, 4, '2016-06-18 17:00:00', '5', '118', '459', '376', '240', '41', '3', '726', '444', '597', '597', '533', '541', '115', '18', '924', '1079', '318', '361', '569', '615', '544', '192', '1291', '67', '211', '134', '237', '348', '240', '2144', '324', '903', '1565', '2016-09-03 22:50:03', '2016-09-03 22:50:03'),
(9, 1, '2016-06-19 17:00:00', '15', '331', '1716', '1698', '1163', '328', '42', '2241', '2530', '2630', '2630', '2047', '1700', '313', '82', '3617', '3845', '1103', '1501', '2169', '2026', '1584', '480', '5390', '528', '665', '365', '895', '1614', '1229', '5982', '3099', '2497', '6584', '2016-09-03 22:50:03', '2016-09-03 22:50:03'),
(10, 2, '2016-06-19 17:00:00', '8', '419', '1529', '1179', '789', '213', '52', '1559', '1669', '1285', '1285', '1321', '2295', '633', '260', '2325', '2899', '960', '1358', '2102', '1796', '705', '349', '4606', '938', '942', '283', '617', '815', '570', '7232', '777', '2998', '5011', '2016-09-03 22:50:03', '2016-09-03 22:50:03'),
(11, 3, '2016-06-19 17:00:00', '3', '57', '191', '141', '107', '28', '4', '265', '173', '310', '310', '218', '223', '49', '13', '354', '418', '87', '148', '240', '253', '204', '88', '525', '97', '78', '39', '90', '120', '111', '887', '190', '409', '668', '2016-09-03 22:50:03', '2016-09-03 22:50:03'),
(12, 4, '2016-06-19 17:00:00', '6', '97', '617', '561', '312', '89', '6', '963', '538', '481', '481', '565', '716', '147', '30', '1157', '1221', '348', '432', '636', '608', '531', '145', '1441', '189', '269', '185', '377', '418', '251', '2294', '393', '1029', '1658', '2016-09-03 22:50:03', '2016-09-03 22:50:03'),
(13, 1, '2016-06-20 17:00:00', '15', '341', '1698', '1713', '1131', '306', '30', '2231', '2515', '2566', '2566', '2091', '1589', '299', '71', '3511', '3831', '1115', '1552', '2224', '2002', '1607', '489', '5338', '492', '622', '370', '910', '1618', '1225', '5927', '3082', '2497', '6512', '2016-09-03 22:50:03', '2016-09-03 22:50:03'),
(14, 2, '2016-06-20 17:00:00', '20', '417', '1556', '1128', '849', '229', '52', '1671', '1678', '1261', '1261', '1332', '2342', '648', '268', '2447', '2916', '1007', '1400', '2103', '1764', '717', '302', '4722', '899', '1003', '277', '673', '833', '561', '7367', '757', '2930', '5194', '2016-09-03 22:50:03', '2016-09-03 22:50:03'),
(15, 3, '2016-06-20 17:00:00', '1', '51', '202', '157', '127', '26', '7', '277', '183', '301', '301', '211', '245', '57', '12', '365', '401', '85', '139', '240', '243', '205', '95', '493', '101', '95', '42', '84', '136', '103', '927', '152', '398', '681', '2016-09-03 22:50:03', '2016-09-03 22:50:03'),
(16, 4, '2016-06-20 17:00:00', '6', '88', '517', '499', '283', '78', '4', '843', '459', '464', '464', '475', '606', '137', '35', '1003', '1075', '317', '399', '560', '554', '469', '127', '1320', '178', '264', '152', '336', '339', '210', '2148', '309', '1001', '1456', '2016-09-03 22:50:03', '2016-09-03 22:50:03'),
(17, 1, '2016-06-21 17:00:00', '19', '359', '1784', '1683', '1178', '327', '35', '2302', '2557', '2629', '2629', '2124', '1696', '356', '80', '3627', '3981', '1143', '1528', '2193', '2057', '1539', '527', '5542', '531', '662', '383', '930', '1631', '1250', '6165', '3154', '2646', '6673', '2016-09-03 22:50:03', '2016-09-03 22:50:03'),
(18, 2, '2016-06-21 17:00:00', '28', '419', '1474', '1024', '762', '201', '46', '1477', '1603', '1223', '1223', '1316', '2180', '584', '217', '2209', '2722', '949', '1285', '1983', '1647', '663', '328', '4376', '837', '840', '280', '658', '753', '547', '6933', '725', '2774', '4884', '2016-09-03 22:50:03', '2016-09-03 22:50:03'),
(19, 3, '2016-06-21 17:00:00', '1', '60', '214', '139', '117', '27', '4', '287', '173', '283', '283', '223', '245', '41', '18', '363', '399', '89', '154', '258', '219', '194', '84', '506', '98', '87', '48', '89', '133', '103', '901', '167', '408', '660', '2016-09-03 22:50:03', '2016-09-03 22:50:03'),
(20, 4, '2016-06-21 17:00:00', '4', '110', '575', '576', '339', '82', '9', '950', '557', '491', '491', '573', '726', '156', '47', '1198', '1270', '385', '460', '652', '657', '523', '148', '1515', '184', '300', '173', '367', '421', '245', '2377', '386', '1099', '1664', '2016-09-03 22:50:03', '2016-09-03 22:50:03'),
(21, 1, '2016-06-22 17:00:00', '13', '359', '1779', '1703', '1160', '326', '42', '2272', '2565', '2531', '2531', '2126', '1759', '371', '71', '3612', '3952', '1150', '1538', '2234', '2154', '1583', '492', '5475', '536', '657', '394', '976', '1607', '1202', '6131', '3120', '2733', '6518', '2016-09-03 22:50:03', '2016-09-03 22:50:03'),
(22, 2, '2016-06-22 17:00:00', '17', '457', '1695', '1276', '937', '233', '61', '1798', '1757', '1320', '1320', '1365', '2610', '782', '315', '2534', '3100', '1041', '1482', '2228', '1883', '747', '375', '4998', '1073', '1071', '341', '734', '827', '582', '8050', '760', '3281', '5529', '2016-09-03 22:50:03', '2016-09-03 22:50:03'),
(23, 3, '2016-06-22 17:00:00', '1', '40', '223', '153', '115', '26', '4', '288', '181', '280', '280', '203', '248', '51', '10', '352', '405', '100', '156', '250', '226', '218', '80', '486', '92', '73', '44', '101', '132', '119', '876', '163', '396', '643', '2016-09-03 22:50:03', '2016-09-03 22:50:03'),
(24, 4, '2016-06-22 17:00:00', '7', '106', '548', '555', '330', '68', '5', '942', '493', '467', '467', '541', '652', '160', '36', '1113', '1168', '318', '450', '602', '585', '513', '118', '1395', '180', '273', '147', '347', '426', '241', '2235', '356', '992', '1599', '2016-09-03 22:50:03', '2016-09-03 22:50:03'),
(25, 1, '2016-06-23 17:00:00', '19', '383', '1956', '1810', '1250', '357', '44', '2412', '2809', '2792', '2792', '2252', '1891', '372', '75', '3929', '4281', '1225', '1625', '2349', '2309', '1652', '539', '5984', '618', '711', '417', '992', '1836', '1262', '6687', '3339', '2918', '7108', '2016-09-03 22:50:03', '2016-09-03 22:50:03'),
(26, 2, '2016-06-23 17:00:00', '9', '491', '1715', '1216', '867', '261', '50', '1672', '1883', '1375', '1375', '1493', '2659', '684', '262', '2544', '3193', '1076', '1491', '2253', '2024', '761', '361', '5066', '1069', '1001', '284', '798', '864', '608', '8068', '809', '3255', '5622', '2016-09-03 22:50:03', '2016-09-03 22:50:03'),
(27, 3, '2016-06-23 17:00:00', '2', '66', '243', '185', '108', '27', '3', '326', '208', '313', '313', '230', '267', '60', '9', '397', '462', '95', '156', '250', '284', '221', '94', '542', '104', '103', '48', '102', '150', '131', '979', '165', '441', '703', '2016-09-03 22:50:03', '2016-09-03 22:50:03'),
(28, 4, '2016-06-23 17:00:00', '6', '119', '594', '582', '330', '71', '6', '928', '562', '497', '497', '543', '713', '135', '35', '1155', '1259', '358', '419', '628', '672', '515', '131', '1466', '208', '272', '172', '364', '441', '240', '2328', '386', '1066', '1648', '2016-09-03 22:50:03', '2016-09-03 22:50:03'),
(29, 1, '2016-06-24 17:00:00', '18', '403', '1822', '1617', '995', '303', '38', '2199', '2447', '2636', '2636', '2097', '1746', '359', '89', '3627', '3985', '1188', '1514', '2243', '2096', '1576', '601', '5389', '548', '629', '361', '897', '1510', '1245', '6215', '3069', '2676', '6608', '2016-09-03 22:50:03', '2016-09-03 22:50:03'),
(30, 2, '2016-06-24 17:00:00', '14', '470', '1398', '919', '587', '186', '39', '1363', '1566', '1217', '1217', '1254', '2052', '517', '168', '2143', '2723', '890', '1198', '1897', '1720', '632', '343', '4343', '694', '768', '235', '603', '755', '568', '6620', '708', '2719', '4609', '2016-09-03 22:50:03', '2016-09-03 22:50:03'),
(31, 3, '2016-06-24 17:00:00', '1', '77', '367', '326', '225', '47', '11', '534', '302', '425', '425', '317', '457', '131', '33', '605', '680', '150', '285', '440', '399', '352', '117', '845', '211', '182', '79', '170', '227', '178', '1549', '268', '683', '1134', '2016-09-03 22:50:03', '2016-09-03 22:50:03'),
(32, 4, '2016-06-24 17:00:00', '6', '101', '476', '412', '235', '39', '5', '717', '437', '459', '459', '447', '516', '106', '17', '876', '975', '265', '346', '494', '476', '439', '130', '1165', '115', '201', '128', '259', '350', '216', '1846', '295', '831', '1310', '2016-09-03 22:50:03', '2016-09-03 22:50:03'),
(33, 1, '2016-06-25 17:00:00', '19', '376', '1771', '1594', '914', '273', '43', '2063', '2444', '2517', '2517', '2092', '1681', '334', '61', '3515', '3918', '1039', '1447', '2149', '2190', '1470', '587', '5251', '475', '647', '362', '857', '1417', '1223', '6060', '2847', '2638', '6269', '2016-09-03 22:50:03', '2016-09-03 22:50:03'),
(34, 2, '2016-06-25 17:00:00', '16', '383', '1268', '791', '498', '142', '36', '1170', '1389', '976', '976', '1111', '1748', '434', '153', '1858', '2398', '776', '1032', '1639', '1566', '563', '275', '3791', '563', '722', '213', '526', '623', '475', '5698', '597', '2287', '4008', '2016-09-03 22:50:03', '2016-09-03 22:50:03'),
(35, 3, '2016-06-25 17:00:00', '2', '74', '302', '233', '178', '49', '12', '418', '232', '356', '356', '290', '390', '107', '31', '509', '596', '130', '214', '337', '359', '277', '103', '710', '200', '154', '66', '120', '158', '151', '1303', '247', '607', '943', '2016-09-03 22:50:03', '2016-09-03 22:50:03'),
(36, 4, '2016-06-25 17:00:00', '9', '64', '426', '348', '198', '46', '3', '619', '375', '490', '490', '431', '443', '91', '11', '805', '914', '252', '321', '471', '472', '471', '146', '1001', '91', '147', '129', '198', '309', '211', '1725', '284', '732', '1277', '2016-09-03 22:50:03', '2016-09-03 22:50:03'),
(37, 1, '2016-06-26 17:00:00', '17', '375', '1866', '1770', '1206', '330', '42', '2326', '2711', '2821', '2821', '2146', '1857', '336', '86', '3800', '4173', '1192', '1581', '2266', '2182', '1615', '532', '5789', '572', '689', '423', '896', '1730', '1298', '6361', '3307', '2754', '6914', '2016-09-03 22:50:03', '2016-09-03 22:50:03'),
(38, 2, '2016-06-26 17:00:00', '19', '434', '1521', '1125', '797', '232', '45', '1546', '1660', '1341', '1341', '1345', '2307', '600', '228', '2312', '2891', '990', '1362', '2048', '1811', '701', '357', '4596', '975', '886', '284', '674', '809', '552', '7326', '785', '2914', '5197', '2016-09-03 22:50:03', '2016-09-03 22:50:03'),
(39, 3, '2016-06-26 17:00:00', '2', '103', '478', '481', '364', '82', '16', '777', '384', '501', '501', '437', '646', '162', '45', '893', '939', '201', '388', '563', '536', '434', '134', '1121', '333', '258', '108', '242', '342', '211', '2112', '353', '959', '1506', '2016-09-03 22:50:03', '2016-09-03 22:50:03'),
(40, 4, '2016-06-26 17:00:00', '7', '133', '680', '617', '356', '78', '9', '1085', '599', '584', '584', '598', '789', '162', '36', '1278', '1389', '419', '497', '670', '751', '605', '169', '1647', '201', '294', '183', '433', '475', '298', '2625', '407', '1168', '1864', '2016-09-03 22:50:03', '2016-09-03 22:50:03'),
(41, 1, '2016-06-27 17:00:00', '16', '365', '1782', '1753', '1247', '353', '46', '2334', '2670', '2704', '2704', '2156', '1730', '323', '80', '3803', '4064', '1140', '1571', '2273', '2128', '1574', '542', '5635', '541', '681', '369', '929', '1715', '1308', '6156', '3310', '2677', '6789', '2016-09-03 22:50:03', '2016-09-03 22:50:03'),
(42, 2, '2016-06-27 17:00:00', '11', '360', '1472', '984', '776', '183', '50', '1438', '1551', '1224', '1224', '1266', '2132', '551', '235', '2255', '2757', '862', '1251', '1902', '1635', '636', '350', '4295', '821', '810', '241', '620', '778', '538', '6816', '701', '2715', '4802', '2016-09-03 22:50:03', '2016-09-03 22:50:03'),
(43, 3, '2016-06-27 17:00:00', '2', '137', '555', '462', '338', '78', '19', '809', '394', '510', '510', '465', '631', '160', '52', '872', '937', '201', '422', '614', '526', '464', '99', '1131', '348', '258', '107', '254', '314', '269', '2114', '371', '962', '1523', '2016-09-03 22:50:03', '2016-09-03 22:50:03'),
(44, 4, '2016-06-27 17:00:00', '3', '93', '571', '527', '308', '65', '4', '925', '482', '468', '468', '525', '661', '145', '34', '1079', '1157', '369', '435', '610', '601', '498', '117', '1415', '162', '270', '159', '354', '383', '240', '2213', '343', '996', '1560', '2016-09-03 22:50:03', '2016-09-03 22:50:03'),
(45, 1, '2016-06-28 17:00:00', '14', '354', '1892', '1836', '1258', '373', '48', '2431', '2742', '2783', '2783', '2244', '1784', '366', '72', '3834', '4140', '1209', '1672', '2330', '2187', '1703', '590', '5724', '601', '719', '389', '959', '1744', '1357', '6416', '3403', '2717', '7102', '2016-09-03 22:50:03', '2016-09-03 22:50:03'),
(46, 2, '2016-06-28 17:00:00', '17', '474', '1583', '1242', '954', '239', '54', '1694', '1763', '1353', '1353', '1397', '2478', '720', '284', '2453', '2987', '1057', '1523', '2230', '1817', '718', '363', '4848', '1048', '990', '315', '698', '859', '594', '7701', '830', '3158', '5373', '2016-09-03 22:50:03', '2016-09-03 22:50:03'),
(47, 3, '2016-06-28 17:00:00', '2', '129', '532', '462', '338', '93', '17', '789', '405', '515', '515', '447', '675', '156', '52', '951', '1002', '204', '382', '567', '566', '462', '129', '1205', '354', '261', '117', '287', '319', '210', '2203', '372', '1047', '1528', '2016-09-03 22:50:03', '2016-09-03 22:50:03'),
(48, 4, '2016-06-28 17:00:00', '9', '118', '576', '495', '330', '73', '4', '907', '530', '503', '503', '544', '650', '135', '43', '1128', '1219', '327', '419', '607', '633', '529', '139', '1401', '171', '260', '164', '340', '439', '232', '2250', '357', '1016', '1591', '2016-09-03 22:50:03', '2016-09-03 22:50:03'),
(49, 1, '2016-06-29 17:00:00', '14', '414', '2033', '1940', '1308', '354', '32', '2613', '2955', '3077', '3077', '2344', '1871', '349', '89', '4204', '4585', '1304', '1709', '2447', '2403', '1852', '576', '6229', '539', '718', '435', '1025', '1942', '1446', '6720', '3711', '2966', '7465', '2016-09-03 22:50:03', '2016-09-03 22:50:03'),
(50, 2, '2016-06-29 17:00:00', '16', '443', '1578', '1233', '879', '217', '59', '1697', '1717', '1371', '1371', '1372', '2428', '722', '267', '2505', '3041', '1048', '1434', '2155', '1875', '728', '356', '4904', '1006', '997', '304', '748', '821', '543', '7709', '851', '3118', '5442', '2016-09-03 22:50:03', '2016-09-03 22:50:03'),
(51, 3, '2016-09-04 05:50:24', '12', '128', '589', '493', '348', '98', '18', '851', '438', '485', '485', '443', '715', '159', '51', '993', '1057', '219', '388', '606', '593', '480', '112', '1225', '365', '278', '147', '281', '362', '221', '2255', '355', '1058', '1552', '2016-09-03 22:50:03', '2016-09-03 22:50:03'),
(52, 4, '2016-06-29 17:00:00', '4', '109', '606', '533', '312', '66', '3', '940', '512', '475', '475', '557', '642', '133', '37', '1100', '1186', '382', '455', '625', '613', '538', '136', '1419', '178', '250', '159', '344', '440', '258', '2252', '376', '1041', '1587', '2016-09-03 22:50:03', '2016-09-03 22:50:03'),
(53, 1, '2016-06-30 17:00:00', '21', '415', '1972', '1874', '1249', '349', '34', '2501', '2817', '2930', '2930', '2361', '1888', '350', '93', '4076', '4396', '1188', '1655', '2431', '2365', '1693', '560', '6084', '602', '679', '460', '1053', '1812', '1311', '6736', '3484', '2865', '7355', '2016-09-03 22:50:03', '2016-09-03 22:50:03'),
(54, 2, '2016-06-30 17:00:00', '11', '381', '1425', '1016', '703', '174', '35', '1443', '1512', '1248', '1248', '1300', '2144', '528', '171', '2150', '2673', '884', '1319', '1960', '1686', '611', '329', '4428', '767', '811', '251', '609', '764', '520', '6746', '738', '2728', '4756', '2016-09-03 22:50:03', '2016-09-03 22:50:03'),
(55, 3, '2016-09-04 05:50:26', '11', '145', '567', '516', '391', '88', '25', '882', '461', '516', '516', '489', '722', '193', '53', '997', '1074', '259', '406', '603', '600', '497', '117', '1252', '377', '291', '127', '309', '369', '247', '2306', '398', '1091', '1613', '2016-09-03 22:50:03', '2016-09-03 22:50:03'),
(56, 4, '2016-06-30 17:00:00', '6', '133', '652', '573', '362', '82', '6', '990', '610', '616', '616', '616', '751', '142', '25', '1282', '1363', '398', '476', '675', '711', '618', '168', '1608', '234', '285', '167', '372', '473', '302', '2598', '424', '1168', '1854', '2016-09-03 22:50:03', '2016-09-03 22:50:03');

-- --------------------------------------------------------

--
-- Table structure for table `hometowns`
--

CREATE TABLE `hometowns` (
  `id` int(10) UNSIGNED NOT NULL,
  `location_id` int(11) NOT NULL,
  `origin` varchar(255) COLLATE utf8_unicode_ci NOT NULL,
  `total` varchar(255) COLLATE utf8_unicode_ci NOT NULL,
  `input_date` timestamp NULL DEFAULT NULL,
  `created_at` timestamp NULL DEFAULT NULL,
  `updated_at` timestamp NULL DEFAULT NULL
) ENGINE=InnoDB DEFAULT CHARSET=utf8 COLLATE=utf8_unicode_ci;

--
-- Dumping data for table `hometowns`
--

INSERT INTO `hometowns` (`id`, `location_id`, `origin`, `total`, `input_date`, `created_at`, `updated_at`) VALUES
(1, 2, 'BANDUNG   ', '482', '2016-06-17 17:00:00', '2016-09-04 00:39:44', '2016-09-04 00:39:44'),
(2, 2, 'BANDUNG   ', '573', '2016-06-18 17:00:00', '2016-09-04 00:39:44', '2016-09-04 00:39:44'),
(3, 2, 'BANDUNG   ', '566', '2016-06-19 17:00:00', '2016-09-04 00:39:44', '2016-09-04 00:39:44'),
(4, 2, 'BANDUNG   ', '584', '2016-06-20 17:00:00', '2016-09-04 00:39:44', '2016-09-04 00:39:44'),
(5, 2, 'BANDUNG   ', '593', '2016-06-21 17:00:00', '2016-09-04 00:39:44', '2016-09-04 00:39:44'),
(6, 2, 'BANDUNG   ', '614', '2016-06-22 17:00:00', '2016-09-04 00:39:44', '2016-09-04 00:39:44'),
(7, 2, 'BANDUNG   ', '632', '2016-06-23 17:00:00', '2016-09-04 00:39:44', '2016-09-04 00:39:44'),
(8, 2, 'BANDUNG   ', '503', '2016-06-24 17:00:00', '2016-09-04 00:39:44', '2016-09-04 00:39:44'),
(9, 2, 'BANDUNG   ', '608', '2016-06-25 17:00:00', '2016-09-04 00:39:44', '2016-09-04 00:39:44'),
(10, 2, 'BANDUNG   ', '636', '2016-06-26 17:00:00', '2016-09-04 00:39:44', '2016-09-04 00:39:44'),
(11, 2, 'BANDUNG   ', '623', '2016-06-27 17:00:00', '2016-09-04 00:39:44', '2016-09-04 00:39:44'),
(12, 2, 'BANDUNG   ', '656', '2016-06-28 17:00:00', '2016-09-04 00:39:44', '2016-09-04 00:39:44'),
(13, 2, 'BANDUNG   ', '701', '2016-06-29 17:00:00', '2016-09-04 00:39:44', '2016-09-04 00:39:44'),
(14, 2, 'BANDUNG   ', '660', '2016-06-30 17:00:00', '2016-09-04 00:39:44', '2016-09-04 00:39:44'),
(15, 2, 'BANDUNG BARAT  ', '471', '2016-06-17 17:00:00', '2016-09-04 00:39:44', '2016-09-04 00:39:44'),
(16, 2, 'BANDUNG BARAT  ', '615', '2016-06-18 17:00:00', '2016-09-04 00:39:44', '2016-09-04 00:39:44'),
(17, 2, 'BANDUNG BARAT  ', '569', '2016-06-19 17:00:00', '2016-09-04 00:39:44', '2016-09-04 00:39:44'),
(18, 2, 'BANDUNG BARAT  ', '522', '2016-06-20 17:00:00', '2016-09-04 00:39:44', '2016-09-04 00:39:44'),
(19, 2, 'BANDUNG BARAT  ', '580', '2016-06-21 17:00:00', '2016-09-04 00:39:44', '2016-09-04 00:39:44'),
(20, 2, 'BANDUNG BARAT  ', '632', '2016-06-22 17:00:00', '2016-09-04 00:39:44', '2016-09-04 00:39:44'),
(21, 2, 'BANDUNG BARAT  ', '627', '2016-06-23 17:00:00', '2016-09-04 00:39:44', '2016-09-04 00:39:44'),
(22, 2, 'BANDUNG BARAT  ', '568', '2016-06-24 17:00:00', '2016-09-04 00:39:44', '2016-09-04 00:39:44'),
(23, 2, 'BANDUNG BARAT  ', '540', '2016-06-25 17:00:00', '2016-09-04 00:39:44', '2016-09-04 00:39:44'),
(24, 2, 'BANDUNG BARAT  ', '628', '2016-06-26 17:00:00', '2016-09-04 00:39:44', '2016-09-04 00:39:44'),
(25, 2, 'BANDUNG BARAT  ', '579', '2016-06-27 17:00:00', '2016-09-04 00:39:44', '2016-09-04 00:39:44'),
(26, 2, 'BANDUNG BARAT  ', '668', '2016-06-28 17:00:00', '2016-09-04 00:39:44', '2016-09-04 00:39:44'),
(27, 2, 'BANDUNG BARAT  ', '751', '2016-06-29 17:00:00', '2016-09-04 00:39:44', '2016-09-04 00:39:44'),
(28, 2, 'BANDUNG BARAT  ', '660', '2016-06-30 17:00:00', '2016-09-04 00:39:44', '2016-09-04 00:39:44'),
(29, 2, 'GARUT   ', '107', '2016-06-17 17:00:00', '2016-09-04 00:39:44', '2016-09-04 00:39:44'),
(30, 2, 'GARUT   ', '95', '2016-06-18 17:00:00', '2016-09-04 00:39:44', '2016-09-04 00:39:44'),
(31, 2, 'GARUT   ', '91', '2016-06-19 17:00:00', '2016-09-04 00:39:44', '2016-09-04 00:39:44'),
(32, 2, 'GARUT   ', '78', '2016-06-20 17:00:00', '2016-09-04 00:39:44', '2016-09-04 00:39:44'),
(33, 2, 'GARUT   ', '85', '2016-06-21 17:00:00', '2016-09-04 00:39:44', '2016-09-04 00:39:44'),
(34, 2, 'GARUT   ', '76', '2016-06-22 17:00:00', '2016-09-04 00:39:44', '2016-09-04 00:39:44'),
(35, 2, 'GARUT   ', '101', '2016-06-23 17:00:00', '2016-09-04 00:39:44', '2016-09-04 00:39:44'),
(36, 2, 'GARUT   ', '100', '2016-06-24 17:00:00', '2016-09-04 00:39:44', '2016-09-04 00:39:44'),
(37, 2, 'GARUT   ', '109', '2016-06-25 17:00:00', '2016-09-04 00:39:44', '2016-09-04 00:39:44'),
(38, 2, 'GARUT   ', '94', '2016-06-26 17:00:00', '2016-09-04 00:39:44', '2016-09-04 00:39:44'),
(39, 2, 'GARUT   ', '92', '2016-06-27 17:00:00', '2016-09-04 00:39:44', '2016-09-04 00:39:44'),
(40, 2, 'GARUT   ', '126', '2016-06-28 17:00:00', '2016-09-04 00:39:44', '2016-09-04 00:39:44'),
(41, 2, 'GARUT   ', '121', '2016-06-29 17:00:00', '2016-09-04 00:39:44', '2016-09-04 00:39:44'),
(42, 2, 'GARUT   ', '104', '2016-06-30 17:00:00', '2016-09-04 00:39:44', '2016-09-04 00:39:44'),
(43, 1, 'JAKARTA PUSAT  ', '77', '2016-06-17 17:00:00', '2016-09-04 00:39:44', '2016-09-04 00:39:44'),
(44, 1, 'JAKARTA PUSAT  ', '89', '2016-06-18 17:00:00', '2016-09-04 00:39:44', '2016-09-04 00:39:44'),
(45, 1, 'JAKARTA PUSAT  ', '41', '2016-06-19 17:00:00', '2016-09-04 00:39:44', '2016-09-04 00:39:44'),
(46, 1, 'JAKARTA PUSAT  ', '41', '2016-06-20 17:00:00', '2016-09-04 00:39:44', '2016-09-04 00:39:44'),
(47, 1, 'JAKARTA PUSAT  ', '50', '2016-06-21 17:00:00', '2016-09-04 00:39:45', '2016-09-04 00:39:45'),
(48, 1, 'JAKARTA PUSAT  ', '73', '2016-06-22 17:00:00', '2016-09-04 00:39:45', '2016-09-04 00:39:45'),
(49, 1, 'JAKARTA PUSAT  ', '78', '2016-06-23 17:00:00', '2016-09-04 00:39:45', '2016-09-04 00:39:45'),
(50, 1, 'JAKARTA PUSAT  ', '89', '2016-06-24 17:00:00', '2016-09-04 00:39:45', '2016-09-04 00:39:45'),
(51, 1, 'JAKARTA PUSAT  ', '68', '2016-06-25 17:00:00', '2016-09-04 00:39:45', '2016-09-04 00:39:45'),
(52, 1, 'JAKARTA PUSAT  ', '46', '2016-06-26 17:00:00', '2016-09-04 00:39:45', '2016-09-04 00:39:45'),
(53, 1, 'JAKARTA PUSAT  ', '44', '2016-06-27 17:00:00', '2016-09-04 00:39:45', '2016-09-04 00:39:45'),
(54, 1, 'JAKARTA PUSAT  ', '60', '2016-06-28 17:00:00', '2016-09-04 00:39:45', '2016-09-04 00:39:45'),
(55, 1, 'JAKARTA PUSAT  ', '56', '2016-06-29 17:00:00', '2016-09-04 00:39:45', '2016-09-04 00:39:45'),
(56, 1, 'JAKARTA PUSAT  ', '73', '2016-06-30 17:00:00', '2016-09-04 00:39:45', '2016-09-04 00:39:45'),
(57, 1, 'JAKARTA SELATAN  ', '92', '2016-06-17 17:00:00', '2016-09-04 00:39:45', '2016-09-04 00:39:45'),
(58, 1, 'JAKARTA SELATAN  ', '149', '2016-06-18 17:00:00', '2016-09-04 00:39:45', '2016-09-04 00:39:45'),
(59, 1, 'JAKARTA SELATAN  ', '89', '2016-06-19 17:00:00', '2016-09-04 00:39:45', '2016-09-04 00:39:45'),
(60, 1, 'JAKARTA SELATAN  ', '63', '2016-06-20 17:00:00', '2016-09-04 00:39:45', '2016-09-04 00:39:45'),
(61, 1, 'JAKARTA SELATAN  ', '67', '2016-06-21 17:00:00', '2016-09-04 00:39:45', '2016-09-04 00:39:45'),
(62, 1, 'JAKARTA SELATAN  ', '92', '2016-06-22 17:00:00', '2016-09-04 00:39:45', '2016-09-04 00:39:45'),
(63, 1, 'JAKARTA SELATAN  ', '124', '2016-06-23 17:00:00', '2016-09-04 00:39:45', '2016-09-04 00:39:45'),
(64, 1, 'JAKARTA SELATAN  ', '131', '2016-06-24 17:00:00', '2016-09-04 00:39:45', '2016-09-04 00:39:45'),
(65, 1, 'JAKARTA SELATAN  ', '144', '2016-06-25 17:00:00', '2016-09-04 00:39:45', '2016-09-04 00:39:45'),
(66, 1, 'JAKARTA SELATAN  ', '91', '2016-06-26 17:00:00', '2016-09-04 00:39:45', '2016-09-04 00:39:45'),
(67, 1, 'JAKARTA SELATAN  ', '89', '2016-06-27 17:00:00', '2016-09-04 00:39:45', '2016-09-04 00:39:45'),
(68, 1, 'JAKARTA SELATAN  ', '89', '2016-06-28 17:00:00', '2016-09-04 00:39:45', '2016-09-04 00:39:45'),
(69, 1, 'JAKARTA SELATAN  ', '88', '2016-06-29 17:00:00', '2016-09-04 00:39:45', '2016-09-04 00:39:45'),
(70, 1, 'JAKARTA SELATAN  ', '109', '2016-06-30 17:00:00', '2016-09-04 00:39:45', '2016-09-04 00:39:45'),
(71, 1, 'JAKARTA TIMUR  ', '78', '2016-06-17 17:00:00', '2016-09-04 00:39:45', '2016-09-04 00:39:45'),
(72, 1, 'JAKARTA TIMUR  ', '112', '2016-06-18 17:00:00', '2016-09-04 00:39:45', '2016-09-04 00:39:45'),
(73, 1, 'JAKARTA TIMUR  ', '54', '2016-06-19 17:00:00', '2016-09-04 00:39:45', '2016-09-04 00:39:45'),
(74, 1, 'JAKARTA TIMUR  ', '52', '2016-06-20 17:00:00', '2016-09-04 00:39:45', '2016-09-04 00:39:45'),
(75, 1, 'JAKARTA TIMUR  ', '61', '2016-06-21 17:00:00', '2016-09-04 00:39:45', '2016-09-04 00:39:45'),
(76, 1, 'JAKARTA TIMUR  ', '77', '2016-06-22 17:00:00', '2016-09-04 00:39:45', '2016-09-04 00:39:45'),
(77, 1, 'JAKARTA TIMUR  ', '97', '2016-06-23 17:00:00', '2016-09-04 00:39:45', '2016-09-04 00:39:45'),
(78, 1, 'JAKARTA TIMUR  ', '96', '2016-06-24 17:00:00', '2016-09-04 00:39:45', '2016-09-04 00:39:45'),
(79, 1, 'JAKARTA TIMUR  ', '114', '2016-06-25 17:00:00', '2016-09-04 00:39:45', '2016-09-04 00:39:45'),
(80, 1, 'JAKARTA TIMUR  ', '62', '2016-06-26 17:00:00', '2016-09-04 00:39:45', '2016-09-04 00:39:45'),
(81, 1, 'JAKARTA TIMUR  ', '63', '2016-06-27 17:00:00', '2016-09-04 00:39:45', '2016-09-04 00:39:45'),
(82, 1, 'JAKARTA TIMUR  ', '76', '2016-06-28 17:00:00', '2016-09-04 00:39:45', '2016-09-04 00:39:45'),
(83, 1, 'JAKARTA TIMUR  ', '67', '2016-06-29 17:00:00', '2016-09-04 00:39:45', '2016-09-04 00:39:45'),
(84, 1, 'JAKARTA TIMUR  ', '72', '2016-06-30 17:00:00', '2016-09-04 00:39:45', '2016-09-04 00:39:45'),
(85, 1, 'KARAWANG   ', '70', '2016-06-17 17:00:00', '2016-09-04 00:39:45', '2016-09-04 00:39:45'),
(86, 2, 'KARAWANG   ', '83', '2016-06-18 17:00:00', '2016-09-04 00:39:45', '2016-09-04 00:39:45'),
(87, 2, 'KARAWANG   ', '47', '2016-06-19 17:00:00', '2016-09-04 00:39:45', '2016-09-04 00:39:45'),
(88, 2, 'KARAWANG   ', '40', '2016-06-20 17:00:00', '2016-09-04 00:39:45', '2016-09-04 00:39:45'),
(89, 2, 'KARAWANG   ', '41', '2016-06-21 17:00:00', '2016-09-04 00:39:45', '2016-09-04 00:39:45'),
(90, 2, 'KARAWANG   ', '27', '2016-06-22 17:00:00', '2016-09-04 00:39:45', '2016-09-04 00:39:45'),
(91, 2, 'KARAWANG   ', '48', '2016-06-23 17:00:00', '2016-09-04 00:39:45', '2016-09-04 00:39:45'),
(92, 2, 'KARAWANG   ', '85', '2016-06-24 17:00:00', '2016-09-04 00:39:45', '2016-09-04 00:39:45'),
(93, 2, 'KARAWANG   ', '116', '2016-06-25 17:00:00', '2016-09-04 00:39:45', '2016-09-04 00:39:45'),
(94, 2, 'KARAWANG   ', '80', '2016-06-26 17:00:00', '2016-09-04 00:39:45', '2016-09-04 00:39:45'),
(95, 2, 'KARAWANG   ', '47', '2016-06-27 17:00:00', '2016-09-04 00:39:45', '2016-09-04 00:39:45'),
(96, 2, 'KARAWANG   ', '41', '2016-06-28 17:00:00', '2016-09-04 00:39:45', '2016-09-04 00:39:45'),
(97, 2, 'KARAWANG   ', '34', '2016-06-29 17:00:00', '2016-09-04 00:39:45', '2016-09-04 00:39:45'),
(98, 2, 'KARAWANG   ', '59', '2016-06-30 17:00:00', '2016-09-04 00:39:45', '2016-09-04 00:39:45'),
(99, 2, 'KOTA BANDUNG  ', '4307', '2016-06-17 17:00:00', '2016-09-04 00:39:45', '2016-09-04 00:39:45'),
(100, 2, 'KOTA BANDUNG  ', '4799', '2016-06-18 17:00:00', '2016-09-04 00:39:45', '2016-09-04 00:39:45'),
(101, 2, 'KOTA BANDUNG  ', '4944', '2016-06-19 17:00:00', '2016-09-04 00:39:45', '2016-09-04 00:39:45'),
(102, 2, 'KOTA BANDUNG  ', '4971', '2016-06-20 17:00:00', '2016-09-04 00:39:45', '2016-09-04 00:39:45'),
(103, 2, 'KOTA BANDUNG  ', '4944', '2016-06-21 17:00:00', '2016-09-04 00:39:45', '2016-09-04 00:39:45'),
(104, 2, 'KOTA BANDUNG  ', '4842', '2016-06-22 17:00:00', '2016-09-04 00:39:45', '2016-09-04 00:39:45'),
(105, 2, 'KOTA BANDUNG  ', '5382', '2016-06-23 17:00:00', '2016-09-04 00:39:45', '2016-09-04 00:39:45'),
(106, 2, 'KOTA BANDUNG  ', '4680', '2016-06-24 17:00:00', '2016-09-04 00:39:45', '2016-09-04 00:39:45'),
(107, 2, 'KOTA BANDUNG  ', '4286', '2016-06-25 17:00:00', '2016-09-04 00:39:45', '2016-09-04 00:39:45'),
(108, 2, 'KOTA BANDUNG  ', '5220', '2016-06-26 17:00:00', '2016-09-04 00:39:45', '2016-09-04 00:39:45'),
(109, 2, 'KOTA BANDUNG  ', '5182', '2016-06-27 17:00:00', '2016-09-04 00:39:45', '2016-09-04 00:39:45'),
(110, 2, 'KOTA BANDUNG  ', '5202', '2016-06-28 17:00:00', '2016-09-04 00:39:45', '2016-09-04 00:39:45'),
(111, 2, 'KOTA BANDUNG  ', '5490', '2016-06-29 17:00:00', '2016-09-04 00:39:45', '2016-09-04 00:39:45'),
(112, 2, 'KOTA BANDUNG  ', '5392', '2016-06-30 17:00:00', '2016-09-04 00:39:45', '2016-09-04 00:39:45'),
(113, 2, 'KOTA CIMAHI  ', '573', '2016-06-17 17:00:00', '2016-09-04 00:39:45', '2016-09-04 00:39:45'),
(114, 2, 'KOTA CIMAHI  ', '684', '2016-06-18 17:00:00', '2016-09-04 00:39:45', '2016-09-04 00:39:45'),
(115, 2, 'KOTA CIMAHI  ', '677', '2016-06-19 17:00:00', '2016-09-04 00:39:45', '2016-09-04 00:39:45'),
(116, 2, 'KOTA CIMAHI  ', '650', '2016-06-20 17:00:00', '2016-09-04 00:39:45', '2016-09-04 00:39:45'),
(117, 2, 'KOTA CIMAHI  ', '731', '2016-06-21 17:00:00', '2016-09-04 00:39:45', '2016-09-04 00:39:45'),
(118, 2, 'KOTA CIMAHI  ', '699', '2016-06-22 17:00:00', '2016-09-04 00:39:45', '2016-09-04 00:39:45'),
(119, 2, 'KOTA CIMAHI  ', '683', '2016-06-23 17:00:00', '2016-09-04 00:39:45', '2016-09-04 00:39:45'),
(120, 2, 'KOTA CIMAHI  ', '669', '2016-06-24 17:00:00', '2016-09-04 00:39:45', '2016-09-04 00:39:45'),
(121, 2, 'KOTA CIMAHI  ', '666', '2016-06-25 17:00:00', '2016-09-04 00:39:45', '2016-09-04 00:39:45'),
(122, 2, 'KOTA CIMAHI  ', '732', '2016-06-26 17:00:00', '2016-09-04 00:39:45', '2016-09-04 00:39:45'),
(123, 2, 'KOTA CIMAHI  ', '701', '2016-06-27 17:00:00', '2016-09-04 00:39:45', '2016-09-04 00:39:45'),
(124, 2, 'KOTA CIMAHI  ', '707', '2016-06-28 17:00:00', '2016-09-04 00:39:45', '2016-09-04 00:39:45'),
(125, 2, 'KOTA CIMAHI  ', '836', '2016-06-29 17:00:00', '2016-09-04 00:39:45', '2016-09-04 00:39:45'),
(126, 2, 'KOTA CIMAHI  ', '779', '2016-06-30 17:00:00', '2016-09-04 00:39:45', '2016-09-04 00:39:45'),
(127, 2, 'SUMEDANG   ', '87', '2016-06-17 17:00:00', '2016-09-04 00:39:45', '2016-09-04 00:39:45'),
(128, 2, 'SUMEDANG   ', '121', '2016-06-18 17:00:00', '2016-09-04 00:39:45', '2016-09-04 00:39:45'),
(129, 2, 'SUMEDANG   ', '86', '2016-06-19 17:00:00', '2016-09-04 00:39:45', '2016-09-04 00:39:45'),
(130, 2, 'SUMEDANG   ', '115', '2016-06-20 17:00:00', '2016-09-04 00:39:45', '2016-09-04 00:39:45'),
(131, 2, 'SUMEDANG   ', '130', '2016-06-21 17:00:00', '2016-09-04 00:39:45', '2016-09-04 00:39:45'),
(132, 2, 'SUMEDANG   ', '110', '2016-06-22 17:00:00', '2016-09-04 00:39:45', '2016-09-04 00:39:45'),
(133, 2, 'SUMEDANG   ', '132', '2016-06-23 17:00:00', '2016-09-04 00:39:45', '2016-09-04 00:39:45'),
(134, 2, 'SUMEDANG   ', '139', '2016-06-24 17:00:00', '2016-09-04 00:39:45', '2016-09-04 00:39:45'),
(135, 2, 'SUMEDANG   ', '120', '2016-06-25 17:00:00', '2016-09-04 00:39:45', '2016-09-04 00:39:45'),
(136, 2, 'SUMEDANG   ', '117', '2016-06-26 17:00:00', '2016-09-04 00:39:45', '2016-09-04 00:39:45'),
(137, 2, 'SUMEDANG   ', '113', '2016-06-27 17:00:00', '2016-09-04 00:39:45', '2016-09-04 00:39:45'),
(138, 2, 'SUMEDANG   ', '117', '2016-06-28 17:00:00', '2016-09-04 00:39:45', '2016-09-04 00:39:45'),
(139, 2, 'SUMEDANG   ', '127', '2016-06-29 17:00:00', '2016-09-04 00:39:45', '2016-09-04 00:39:45'),
(140, 2, 'SUMEDANG   ', '132', '2016-06-30 17:00:00', '2016-09-04 00:39:45', '2016-09-04 00:39:45'),
(141, 2, 'BOGOR', '68', '2016-06-17 17:00:00', '2016-09-04 00:39:45', '2016-09-04 00:39:45'),
(142, 2, 'BOGOR', '72', '2016-06-18 17:00:00', '2016-09-04 00:39:45', '2016-09-04 00:39:45'),
(143, 2, 'BOGOR', '100', '2016-06-19 17:00:00', '2016-09-04 00:39:45', '2016-09-04 00:39:45'),
(144, 2, 'BOGOR', '122', '2016-06-20 17:00:00', '2016-09-04 00:39:45', '2016-09-04 00:39:45'),
(145, 2, 'BOGOR', '99', '2016-06-21 17:00:00', '2016-09-04 00:39:45', '2016-09-04 00:39:45'),
(146, 2, 'BOGOR', '134', '2016-06-22 17:00:00', '2016-09-04 00:39:45', '2016-09-04 00:39:45'),
(147, 2, 'BOGOR', '140', '2016-06-23 17:00:00', '2016-09-04 00:39:45', '2016-09-04 00:39:45'),
(148, 2, 'BOGOR', '94', '2016-06-24 17:00:00', '2016-09-04 00:39:45', '2016-09-04 00:39:45'),
(149, 2, 'BOGOR', '80', '2016-06-25 17:00:00', '2016-09-04 00:39:45', '2016-09-04 00:39:45'),
(150, 2, 'BOGOR', '106', '2016-06-26 17:00:00', '2016-09-04 00:39:45', '2016-09-04 00:39:45'),
(151, 2, 'BOGOR', '127', '2016-06-27 17:00:00', '2016-09-04 00:39:45', '2016-09-04 00:39:45'),
(152, 2, 'BOGOR', '127', '2016-06-28 17:00:00', '2016-09-04 00:39:45', '2016-09-04 00:39:45'),
(153, 2, 'BOGOR', '143', '2016-06-29 17:00:00', '2016-09-04 00:39:45', '2016-09-04 00:39:45'),
(154, 1, 'BOGOR', '103', '2016-06-30 17:00:00', '2016-09-04 00:39:45', '2016-09-04 00:39:45'),
(155, 1, 'JAKARTA BARAT', '2271', '2016-06-17 17:00:00', '2016-09-04 00:39:45', '2016-09-04 00:39:45'),
(156, 1, 'JAKARTA BARAT', '2817', '2016-06-18 17:00:00', '2016-09-04 00:39:45', '2016-09-04 00:39:45'),
(157, 1, 'JAKARTA BARAT', '3085', '2016-06-19 17:00:00', '2016-09-04 00:39:45', '2016-09-04 00:39:45'),
(158, 1, 'JAKARTA BARAT', '3036', '2016-06-20 17:00:00', '2016-09-04 00:39:45', '2016-09-04 00:39:45'),
(159, 1, 'JAKARTA BARAT', '2967', '2016-06-21 17:00:00', '2016-09-04 00:39:45', '2016-09-04 00:39:45'),
(160, 1, 'JAKARTA BARAT', '3086', '2016-06-22 17:00:00', '2016-09-04 00:39:45', '2016-09-04 00:39:45'),
(161, 1, 'JAKARTA BARAT', '3245', '2016-06-23 17:00:00', '2016-09-04 00:39:45', '2016-09-04 00:39:45'),
(162, 1, 'JAKARTA BARAT', '2788', '2016-06-24 17:00:00', '2016-09-04 00:39:45', '2016-09-04 00:39:45'),
(163, 1, 'JAKARTA BARAT', '2496', '2016-06-25 17:00:00', '2016-09-04 00:39:45', '2016-09-04 00:39:45'),
(164, 1, 'JAKARTA BARAT', '3120', '2016-06-26 17:00:00', '2016-09-04 00:39:45', '2016-09-04 00:39:45'),
(165, 1, 'JAKARTA BARAT', '2904', '2016-06-27 17:00:00', '2016-09-04 00:39:45', '2016-09-04 00:39:45'),
(166, 1, 'JAKARTA BARAT', '2998', '2016-06-28 17:00:00', '2016-09-04 00:39:45', '2016-09-04 00:39:45'),
(167, 1, 'JAKARTA BARAT', '3142', '2016-06-29 17:00:00', '2016-09-04 00:39:45', '2016-09-04 00:39:45'),
(168, 1, 'JAKARTA BARAT', '2878', '2016-06-30 17:00:00', '2016-09-04 00:39:45', '2016-09-04 00:39:45'),
(169, 1, 'JAKARTA PUSAT', '343', '2016-06-17 17:00:00', '2016-09-04 00:39:45', '2016-09-04 00:39:45'),
(170, 1, 'JAKARTA PUSAT', '471', '2016-06-18 17:00:00', '2016-09-04 00:39:45', '2016-09-04 00:39:45'),
(171, 1, 'JAKARTA PUSAT', '438', '2016-06-19 17:00:00', '2016-09-04 00:39:45', '2016-09-04 00:39:45'),
(172, 1, 'JAKARTA PUSAT', '472', '2016-06-20 17:00:00', '2016-09-04 00:39:45', '2016-09-04 00:39:45'),
(173, 1, 'JAKARTA PUSAT', '408', '2016-06-21 17:00:00', '2016-09-04 00:39:45', '2016-09-04 00:39:45'),
(174, 1, 'JAKARTA PUSAT', '506', '2016-06-22 17:00:00', '2016-09-04 00:39:45', '2016-09-04 00:39:45'),
(175, 1, 'JAKARTA PUSAT', '520', '2016-06-23 17:00:00', '2016-09-04 00:39:45', '2016-09-04 00:39:45'),
(176, 1, 'JAKARTA PUSAT', '522', '2016-06-24 17:00:00', '2016-09-04 00:39:45', '2016-09-04 00:39:45'),
(177, 1, 'JAKARTA PUSAT', '395', '2016-06-25 17:00:00', '2016-09-04 00:39:45', '2016-09-04 00:39:45'),
(178, 1, 'JAKARTA PUSAT', '456', '2016-06-26 17:00:00', '2016-09-04 00:39:45', '2016-09-04 00:39:45'),
(179, 1, 'JAKARTA PUSAT', '418', '2016-06-27 17:00:00', '2016-09-04 00:39:45', '2016-09-04 00:39:45'),
(180, 1, 'JAKARTA PUSAT', '497', '2016-06-28 17:00:00', '2016-09-04 00:39:45', '2016-09-04 00:39:45'),
(181, 1, 'JAKARTA PUSAT', '500', '2016-06-29 17:00:00', '2016-09-04 00:39:45', '2016-09-04 00:39:45'),
(182, 1, 'JAKARTA PUSAT', '475', '2016-06-30 17:00:00', '2016-09-04 00:39:45', '2016-09-04 00:39:45'),
(183, 1, 'JAKARTA SELATAN', '400', '2016-06-17 17:00:00', '2016-09-04 00:39:45', '2016-09-04 00:39:45'),
(184, 1, 'JAKARTA SELATAN', '429', '2016-06-18 17:00:00', '2016-09-04 00:39:45', '2016-09-04 00:39:45'),
(185, 1, 'JAKARTA SELATAN', '507', '2016-06-19 17:00:00', '2016-09-04 00:39:45', '2016-09-04 00:39:45'),
(186, 1, 'JAKARTA SELATAN', '567', '2016-06-20 17:00:00', '2016-09-04 00:39:45', '2016-09-04 00:39:45'),
(187, 1, 'JAKARTA SELATAN', '508', '2016-06-21 17:00:00', '2016-09-04 00:39:45', '2016-09-04 00:39:45'),
(188, 1, 'JAKARTA SELATAN', '606', '2016-06-22 17:00:00', '2016-09-04 00:39:45', '2016-09-04 00:39:45'),
(189, 1, 'JAKARTA SELATAN', '634', '2016-06-23 17:00:00', '2016-09-04 00:39:45', '2016-09-04 00:39:45'),
(190, 1, 'JAKARTA SELATAN', '540', '2016-06-24 17:00:00', '2016-09-04 00:39:45', '2016-09-04 00:39:45'),
(191, 1, 'JAKARTA SELATAN', '470', '2016-06-25 17:00:00', '2016-09-04 00:39:45', '2016-09-04 00:39:45'),
(192, 1, 'JAKARTA SELATAN', '551', '2016-06-26 17:00:00', '2016-09-04 00:39:45', '2016-09-04 00:39:45'),
(193, 1, 'JAKARTA SELATAN', '493', '2016-06-27 17:00:00', '2016-09-04 00:39:45', '2016-09-04 00:39:45'),
(194, 1, 'JAKARTA SELATAN', '605', '2016-06-28 17:00:00', '2016-09-04 00:39:45', '2016-09-04 00:39:45'),
(195, 1, 'JAKARTA SELATAN', '629', '2016-06-29 17:00:00', '2016-09-04 00:39:45', '2016-09-04 00:39:45'),
(196, 1, 'JAKARTA SELATAN', '516', '2016-06-30 17:00:00', '2016-09-04 00:39:45', '2016-09-04 00:39:45'),
(197, 1, 'JAKARTA TIMUR', '190', '2016-06-17 17:00:00', '2016-09-04 00:39:45', '2016-09-04 00:39:45'),
(198, 1, 'JAKARTA TIMUR', '219', '2016-06-18 17:00:00', '2016-09-04 00:39:45', '2016-09-04 00:39:45'),
(199, 1, 'JAKARTA TIMUR', '272', '2016-06-19 17:00:00', '2016-09-04 00:39:45', '2016-09-04 00:39:45'),
(200, 1, 'JAKARTA TIMUR', '267', '2016-06-20 17:00:00', '2016-09-04 00:39:45', '2016-09-04 00:39:45'),
(201, 1, 'JAKARTA TIMUR', '264', '2016-06-21 17:00:00', '2016-09-04 00:39:45', '2016-09-04 00:39:45'),
(202, 1, 'JAKARTA TIMUR', '326', '2016-06-22 17:00:00', '2016-09-04 00:39:45', '2016-09-04 00:39:45'),
(203, 1, 'JAKARTA TIMUR', '322', '2016-06-23 17:00:00', '2016-09-04 00:39:45', '2016-09-04 00:39:45'),
(204, 1, 'JAKARTA TIMUR', '265', '2016-06-24 17:00:00', '2016-09-04 00:39:45', '2016-09-04 00:39:45'),
(205, 1, 'JAKARTA TIMUR', '194', '2016-06-25 17:00:00', '2016-09-04 00:39:45', '2016-09-04 00:39:45'),
(206, 1, 'JAKARTA TIMUR', '287', '2016-06-26 17:00:00', '2016-09-04 00:39:45', '2016-09-04 00:39:45'),
(207, 1, 'JAKARTA TIMUR', '253', '2016-06-27 17:00:00', '2016-09-04 00:39:45', '2016-09-04 00:39:45'),
(208, 1, 'JAKARTA TIMUR', '320', '2016-06-28 17:00:00', '2016-09-04 00:39:45', '2016-09-04 00:39:45'),
(209, 1, 'JAKARTA TIMUR', '289', '2016-06-29 17:00:00', '2016-09-04 00:39:45', '2016-09-04 00:39:45'),
(210, 1, 'JAKARTA TIMUR', '308', '2016-06-30 17:00:00', '2016-09-04 00:39:45', '2016-09-04 00:39:45'),
(211, 1, 'JAKARTA UTARA', '293', '2016-06-17 17:00:00', '2016-09-04 00:39:45', '2016-09-04 00:39:45'),
(212, 1, 'JAKARTA UTARA', '464', '2016-06-18 17:00:00', '2016-09-04 00:39:45', '2016-09-04 00:39:45'),
(213, 1, 'JAKARTA UTARA', '427', '2016-06-19 17:00:00', '2016-09-04 00:39:45', '2016-09-04 00:39:45'),
(214, 1, 'JAKARTA UTARA', '393', '2016-06-20 17:00:00', '2016-09-04 00:39:45', '2016-09-04 00:39:45'),
(215, 1, 'JAKARTA UTARA', '390', '2016-06-21 17:00:00', '2016-09-04 00:39:45', '2016-09-04 00:39:45'),
(216, 1, 'JAKARTA UTARA', '428', '2016-06-22 17:00:00', '2016-09-04 00:39:45', '2016-09-04 00:39:45'),
(217, 1, 'JAKARTA UTARA', '436', '2016-06-23 17:00:00', '2016-09-04 00:39:45', '2016-09-04 00:39:45'),
(218, 1, 'JAKARTA UTARA', '390', '2016-06-24 17:00:00', '2016-09-04 00:39:45', '2016-09-04 00:39:45'),
(219, 1, 'JAKARTA UTARA', '336', '2016-06-25 17:00:00', '2016-09-04 00:39:45', '2016-09-04 00:39:45'),
(220, 1, 'JAKARTA UTARA', '365', '2016-06-26 17:00:00', '2016-09-04 00:39:45', '2016-09-04 00:39:45'),
(221, 1, 'JAKARTA UTARA', '394', '2016-06-27 17:00:00', '2016-09-04 00:39:45', '2016-09-04 00:39:45'),
(222, 1, 'JAKARTA UTARA', '439', '2016-06-28 17:00:00', '2016-09-04 00:39:45', '2016-09-04 00:39:45'),
(223, 1, 'JAKARTA UTARA', '427', '2016-06-29 17:00:00', '2016-09-04 00:39:45', '2016-09-04 00:39:45'),
(224, 1, 'JAKARTA UTARA', '395', '2016-06-30 17:00:00', '2016-09-04 00:39:45', '2016-09-04 00:39:45'),
(225, 2, 'KOTA BEKASI', '124', '2016-06-17 17:00:00', '2016-09-04 00:39:45', '2016-09-04 00:39:45'),
(226, 2, 'KOTA BEKASI', '114', '2016-06-18 17:00:00', '2016-09-04 00:39:45', '2016-09-04 00:39:45'),
(227, 2, 'KOTA BEKASI', '212', '2016-06-19 17:00:00', '2016-09-04 00:39:45', '2016-09-04 00:39:45'),
(228, 2, 'KOTA BEKASI', '201', '2016-06-20 17:00:00', '2016-09-04 00:39:45', '2016-09-04 00:39:45'),
(229, 2, 'KOTA BEKASI', '180', '2016-06-21 17:00:00', '2016-09-04 00:39:45', '2016-09-04 00:39:45'),
(230, 2, 'KOTA BEKASI', '232', '2016-06-22 17:00:00', '2016-09-04 00:39:45', '2016-09-04 00:39:45'),
(231, 2, 'KOTA BEKASI', '237', '2016-06-23 17:00:00', '2016-09-04 00:39:45', '2016-09-04 00:39:45'),
(232, 2, 'KOTA BEKASI', '164', '2016-06-24 17:00:00', '2016-09-04 00:39:45', '2016-09-04 00:39:45'),
(233, 2, 'KOTA BEKASI', '124', '2016-06-25 17:00:00', '2016-09-04 00:39:45', '2016-09-04 00:39:45'),
(234, 2, 'KOTA BEKASI', '205', '2016-06-26 17:00:00', '2016-09-04 00:39:45', '2016-09-04 00:39:45'),
(235, 2, 'KOTA BEKASI', '180', '2016-06-27 17:00:00', '2016-09-04 00:39:45', '2016-09-04 00:39:45'),
(236, 2, 'KOTA BEKASI', '214', '2016-06-28 17:00:00', '2016-09-04 00:39:45', '2016-09-04 00:39:45'),
(237, 2, 'KOTA BEKASI', '190', '2016-06-29 17:00:00', '2016-09-04 00:39:45', '2016-09-04 00:39:45'),
(238, 2, 'KOTA BEKASI', '175', '2016-06-30 17:00:00', '2016-09-04 00:39:45', '2016-09-04 00:39:45'),
(239, 2, 'KOTA TANGERANG', '201', '2016-06-17 17:00:00', '2016-09-04 00:39:45', '2016-09-04 00:39:45'),
(240, 1, 'KOTA TANGERANG', '244', '2016-06-18 17:00:00', '2016-09-04 00:39:45', '2016-09-04 00:39:45'),
(241, 1, 'KOTA TANGERANG', '301', '2016-06-19 17:00:00', '2016-09-04 00:39:45', '2016-09-04 00:39:45'),
(242, 1, 'KOTA TANGERANG', '323', '2016-06-20 17:00:00', '2016-09-04 00:39:45', '2016-09-04 00:39:45'),
(243, 1, 'KOTA TANGERANG', '306', '2016-06-21 17:00:00', '2016-09-04 00:39:45', '2016-09-04 00:39:45'),
(244, 1, 'KOTA TANGERANG', '340', '2016-06-22 17:00:00', '2016-09-04 00:39:45', '2016-09-04 00:39:45'),
(245, 1, 'KOTA TANGERANG', '313', '2016-06-23 17:00:00', '2016-09-04 00:39:45', '2016-09-04 00:39:45'),
(246, 1, 'KOTA TANGERANG', '279', '2016-06-24 17:00:00', '2016-09-04 00:39:45', '2016-09-04 00:39:45'),
(247, 1, 'KOTA TANGERANG', '244', '2016-06-25 17:00:00', '2016-09-04 00:39:45', '2016-09-04 00:39:45'),
(248, 1, 'KOTA TANGERANG', '306', '2016-06-26 17:00:00', '2016-09-04 00:39:45', '2016-09-04 00:39:45'),
(249, 1, 'KOTA TANGERANG', '280', '2016-06-27 17:00:00', '2016-09-04 00:39:45', '2016-09-04 00:39:45'),
(250, 1, 'KOTA TANGERANG', '363', '2016-06-28 17:00:00', '2016-09-04 00:39:45', '2016-09-04 00:39:45'),
(251, 1, 'KOTA TANGERANG', '314', '2016-06-29 17:00:00', '2016-09-04 00:39:45', '2016-09-04 00:39:45'),
(252, 1, 'KOTA TANGERANG', '293', '2016-06-30 17:00:00', '2016-09-04 00:39:45', '2016-09-04 00:39:45'),
(253, 1, 'KOTA TANGERANG SELATAN', '105', '2016-06-17 17:00:00', '2016-09-04 00:39:45', '2016-09-04 00:39:45'),
(254, 1, 'KOTA TANGERANG SELATAN', '142', '2016-06-18 17:00:00', '2016-09-04 00:39:45', '2016-09-04 00:39:45'),
(255, 1, 'KOTA TANGERANG SELATAN', '167', '2016-06-19 17:00:00', '2016-09-04 00:39:45', '2016-09-04 00:39:45'),
(256, 1, 'KOTA TANGERANG SELATAN', '178', '2016-06-20 17:00:00', '2016-09-04 00:39:45', '2016-09-04 00:39:45'),
(257, 1, 'KOTA TANGERANG SELATAN', '189', '2016-06-21 17:00:00', '2016-09-04 00:39:45', '2016-09-04 00:39:45'),
(258, 1, 'KOTA TANGERANG SELATAN', '197', '2016-06-22 17:00:00', '2016-09-04 00:39:45', '2016-09-04 00:39:45'),
(259, 1, 'KOTA TANGERANG SELATAN', '200', '2016-06-23 17:00:00', '2016-09-04 00:39:45', '2016-09-04 00:39:45'),
(260, 1, 'KOTA TANGERANG SELATAN', '136', '2016-06-24 17:00:00', '2016-09-04 00:39:45', '2016-09-04 00:39:45'),
(261, 1, 'KOTA TANGERANG SELATAN', '126', '2016-06-25 17:00:00', '2016-09-04 00:39:45', '2016-09-04 00:39:45'),
(262, 1, 'KOTA TANGERANG SELATAN', '190', '2016-06-26 17:00:00', '2016-09-04 00:39:45', '2016-09-04 00:39:45'),
(263, 1, 'KOTA TANGERANG SELATAN', '169', '2016-06-27 17:00:00', '2016-09-04 00:39:45', '2016-09-04 00:39:45'),
(264, 1, 'KOTA TANGERANG SELATAN', '186', '2016-06-28 17:00:00', '2016-09-04 00:39:45', '2016-09-04 00:39:45'),
(265, 1, 'KOTA TANGERANG SELATAN', '204', '2016-06-29 17:00:00', '2016-09-04 00:39:45', '2016-09-04 00:39:45'),
(266, 1, 'KOTA TANGERANG SELATAN', '153', '2016-06-30 17:00:00', '2016-09-04 00:39:45', '2016-09-04 00:39:45'),
(267, 1, 'TANGERANG', '140', '2016-06-17 17:00:00', '2016-09-04 00:39:45', '2016-09-04 00:39:45'),
(268, 1, 'TANGERANG', '172', '2016-06-18 17:00:00', '2016-09-04 00:39:45', '2016-09-04 00:39:45'),
(269, 1, 'TANGERANG', '163', '2016-06-19 17:00:00', '2016-09-04 00:39:45', '2016-09-04 00:39:45'),
(270, 1, 'TANGERANG', '184', '2016-06-20 17:00:00', '2016-09-04 00:39:45', '2016-09-04 00:39:45'),
(271, 1, 'TANGERANG', '195', '2016-06-21 17:00:00', '2016-09-04 00:39:45', '2016-09-04 00:39:45'),
(272, 1, 'TANGERANG', '196', '2016-06-22 17:00:00', '2016-09-04 00:39:45', '2016-09-04 00:39:45'),
(273, 1, 'TANGERANG', '204', '2016-06-23 17:00:00', '2016-09-04 00:39:45', '2016-09-04 00:39:45'),
(274, 1, 'TANGERANG', '180', '2016-06-24 17:00:00', '2016-09-04 00:39:45', '2016-09-04 00:39:45'),
(275, 1, 'TANGERANG', '158', '2016-06-25 17:00:00', '2016-09-04 00:39:45', '2016-09-04 00:39:45'),
(276, 1, 'TANGERANG', '173', '2016-06-26 17:00:00', '2016-09-04 00:39:45', '2016-09-04 00:39:45'),
(277, 1, 'TANGERANG', '161', '2016-06-27 17:00:00', '2016-09-04 00:39:45', '2016-09-04 00:39:45'),
(278, 1, 'TANGERANG', '196', '2016-06-28 17:00:00', '2016-09-04 00:39:45', '2016-09-04 00:39:45'),
(279, 1, 'TANGERANG', '198', '2016-06-29 17:00:00', '2016-09-04 00:39:45', '2016-09-04 00:39:45'),
(280, 1, 'TANGERANG', '171', '2016-06-30 17:00:00', '2016-09-04 00:39:45', '2016-09-04 00:39:45'),
(281, 3, 'ACEH SINGKIL', '5', '2016-06-17 17:00:00', '2016-09-04 00:39:45', '2016-09-04 00:39:45'),
(282, 3, 'ACEH SINGKIL', '1', '2016-06-18 17:00:00', '2016-09-04 00:39:45', '2016-09-04 00:39:45'),
(283, 3, 'ACEH SINGKIL', '2', '2016-06-19 17:00:00', '2016-09-04 00:39:45', '2016-09-04 00:39:45'),
(284, 3, 'ACEH SINGKIL', '1', '2016-06-20 17:00:00', '2016-09-04 00:39:45', '2016-09-04 00:39:45'),
(285, 3, 'ACEH SINGKIL', '2', '2016-06-21 17:00:00', '2016-09-04 00:39:45', '2016-09-04 00:39:45'),
(286, 3, 'ACEH SINGKIL', '4', '2016-06-22 17:00:00', '2016-09-04 00:39:45', '2016-09-04 00:39:45'),
(287, 3, 'ACEH SINGKIL', '4', '2016-06-23 17:00:00', '2016-09-04 00:39:45', '2016-09-04 00:39:45'),
(288, 3, 'ACEH SINGKIL', '7', '2016-06-24 17:00:00', '2016-09-04 00:39:45', '2016-09-04 00:39:45'),
(289, 3, 'ACEH SINGKIL', '5', '2016-06-25 17:00:00', '2016-09-04 00:39:45', '2016-09-04 00:39:45'),
(290, 3, 'ACEH SINGKIL', '3', '2016-06-26 17:00:00', '2016-09-04 00:39:45', '2016-09-04 00:39:45'),
(291, 3, 'ACEH SINGKIL', '3', '2016-06-27 17:00:00', '2016-09-04 00:39:45', '2016-09-04 00:39:45'),
(292, 3, 'ACEH SINGKIL', '3', '2016-06-28 17:00:00', '2016-09-04 00:39:45', '2016-09-04 00:39:45'),
(293, 3, 'ACEH SINGKIL', '6', '2016-06-29 17:00:00', '2016-09-04 00:39:45', '2016-09-04 00:39:45'),
(294, 3, 'ACEH SINGKIL', '1', '2016-06-30 17:00:00', '2016-09-04 00:39:45', '2016-09-04 00:39:45'),
(295, 3, 'DELI SERDANG', '78', '2016-06-17 17:00:00', '2016-09-04 00:39:45', '2016-09-04 00:39:45'),
(296, 3, 'DELI SERDANG', '136', '2016-06-18 17:00:00', '2016-09-04 00:39:45', '2016-09-04 00:39:45'),
(297, 3, 'DELI SERDANG', '63', '2016-06-19 17:00:00', '2016-09-04 00:39:45', '2016-09-04 00:39:45'),
(298, 3, 'DELI SERDANG', '67', '2016-06-20 17:00:00', '2016-09-04 00:39:45', '2016-09-04 00:39:45'),
(299, 3, 'DELI SERDANG', '61', '2016-06-21 17:00:00', '2016-09-04 00:39:45', '2016-09-04 00:39:45'),
(300, 3, 'DELI SERDANG', '82', '2016-06-22 17:00:00', '2016-09-04 00:39:45', '2016-09-04 00:39:45'),
(301, 3, 'DELI SERDANG', '78', '2016-06-23 17:00:00', '2016-09-04 00:39:45', '2016-09-04 00:39:45'),
(302, 3, 'DELI SERDANG', '143', '2016-06-24 17:00:00', '2016-09-04 00:39:45', '2016-09-04 00:39:45'),
(303, 3, 'DELI SERDANG', '121', '2016-06-25 17:00:00', '2016-09-04 00:39:45', '2016-09-04 00:39:45'),
(304, 3, 'DELI SERDANG', '195', '2016-06-26 17:00:00', '2016-09-04 00:39:45', '2016-09-04 00:39:45'),
(305, 3, 'DELI SERDANG', '184', '2016-06-27 17:00:00', '2016-09-04 00:39:45', '2016-09-04 00:39:45'),
(306, 3, 'DELI SERDANG', '202', '2016-06-28 17:00:00', '2016-09-04 00:39:45', '2016-09-04 00:39:45'),
(307, 3, 'DELI SERDANG', '192', '2016-06-29 17:00:00', '2016-09-04 00:39:45', '2016-09-04 00:39:45'),
(308, 3, 'DELI SERDANG', '198', '2016-06-30 17:00:00', '2016-09-04 00:39:45', '2016-09-04 00:39:45'),
(309, 1, 'JAKARTA BARAT', '4', '2016-06-17 17:00:00', '2016-09-04 00:39:45', '2016-09-04 00:39:45'),
(310, 1, 'JAKARTA BARAT', '9', '2016-06-18 17:00:00', '2016-09-04 00:39:45', '2016-09-04 00:39:45'),
(311, 1, 'JAKARTA BARAT', '5', '2016-06-19 17:00:00', '2016-09-04 00:39:45', '2016-09-04 00:39:45'),
(312, 1, 'JAKARTA BARAT', '3', '2016-06-20 17:00:00', '2016-09-04 00:39:45', '2016-09-04 00:39:45'),
(313, 1, 'JAKARTA BARAT', '7', '2016-06-21 17:00:00', '2016-09-04 00:39:45', '2016-09-04 00:39:45'),
(314, 1, 'JAKARTA BARAT', '2', '2016-06-22 17:00:00', '2016-09-04 00:39:45', '2016-09-04 00:39:45'),
(315, 1, 'JAKARTA BARAT', '1', '2016-06-23 17:00:00', '2016-09-04 00:39:45', '2016-09-04 00:39:45'),
(316, 1, 'JAKARTA BARAT', '7', '2016-06-24 17:00:00', '2016-09-04 00:39:45', '2016-09-04 00:39:45'),
(317, 1, 'JAKARTA BARAT', '2', '2016-06-25 17:00:00', '2016-09-04 00:39:45', '2016-09-04 00:39:45'),
(318, 1, 'JAKARTA BARAT', '6', '2016-06-26 17:00:00', '2016-09-04 00:39:45', '2016-09-04 00:39:45'),
(319, 1, 'JAKARTA BARAT', '9', '2016-06-27 17:00:00', '2016-09-04 00:39:45', '2016-09-04 00:39:45'),
(320, 1, 'JAKARTA BARAT', '7', '2016-06-28 17:00:00', '2016-09-04 00:39:45', '2016-09-04 00:39:45'),
(321, 1, 'JAKARTA BARAT', '9', '2016-06-29 17:00:00', '2016-09-04 00:39:45', '2016-09-04 00:39:45'),
(322, 1, 'JAKARTA BARAT', '6', '2016-06-30 17:00:00', '2016-09-04 00:39:45', '2016-09-04 00:39:45'),
(323, 3, 'KOTA BALIKPAPAN', '0', '2016-06-17 17:00:00', '2016-09-04 00:39:45', '2016-09-04 00:39:45'),
(324, 3, 'KOTA BALIKPAPAN', '0', '2016-06-18 17:00:00', '2016-09-04 00:39:45', '2016-09-04 00:39:45'),
(325, 3, 'KOTA BALIKPAPAN', '0', '2016-06-19 17:00:00', '2016-09-04 00:39:45', '2016-09-04 00:39:45'),
(326, 3, 'KOTA BALIKPAPAN', '0', '2016-06-20 17:00:00', '2016-09-04 00:39:45', '2016-09-04 00:39:45'),
(327, 3, 'KOTA BALIKPAPAN', '0', '2016-06-21 17:00:00', '2016-09-04 00:39:45', '2016-09-04 00:39:45'),
(328, 3, 'KOTA BALIKPAPAN', '0', '2016-06-22 17:00:00', '2016-09-04 00:39:45', '2016-09-04 00:39:45'),
(329, 3, 'KOTA BALIKPAPAN', '1', '2016-06-23 17:00:00', '2016-09-04 00:39:45', '2016-09-04 00:39:45'),
(330, 3, 'KOTA BALIKPAPAN', '0', '2016-06-24 17:00:00', '2016-09-04 00:39:45', '2016-09-04 00:39:45'),
(331, 3, 'KOTA BALIKPAPAN', '1', '2016-06-25 17:00:00', '2016-09-04 00:39:45', '2016-09-04 00:39:45'),
(332, 3, 'KOTA BALIKPAPAN', '0', '2016-06-26 17:00:00', '2016-09-04 00:39:45', '2016-09-04 00:39:45'),
(333, 3, 'KOTA BALIKPAPAN', '0', '2016-06-27 17:00:00', '2016-09-04 00:39:45', '2016-09-04 00:39:45'),
(334, 3, 'KOTA BALIKPAPAN', '0', '2016-06-28 17:00:00', '2016-09-04 00:39:45', '2016-09-04 00:39:45'),
(335, 3, 'KOTA BALIKPAPAN', '1', '2016-06-29 17:00:00', '2016-09-04 00:39:45', '2016-09-04 00:39:45'),
(336, 3, 'KOTA BALIKPAPAN', '0', '2016-06-30 17:00:00', '2016-09-04 00:39:45', '2016-09-04 00:39:45'),
(337, 3, 'KOTA BANDA ACEH', '5', '2016-06-17 17:00:00', '2016-09-04 00:39:45', '2016-09-04 00:39:45'),
(338, 3, 'KOTA BANDA ACEH', '11', '2016-06-18 17:00:00', '2016-09-04 00:39:45', '2016-09-04 00:39:45'),
(339, 3, 'KOTA BANDA ACEH', '5', '2016-06-19 17:00:00', '2016-09-04 00:39:45', '2016-09-04 00:39:45'),
(340, 3, 'KOTA BANDA ACEH', '6', '2016-06-20 17:00:00', '2016-09-04 00:39:45', '2016-09-04 00:39:45'),
(341, 3, 'KOTA BANDA ACEH', '2', '2016-06-21 17:00:00', '2016-09-04 00:39:45', '2016-09-04 00:39:45'),
(342, 3, 'KOTA BANDA ACEH', '7', '2016-06-22 17:00:00', '2016-09-04 00:39:45', '2016-09-04 00:39:45'),
(343, 3, 'KOTA BANDA ACEH', '11', '2016-06-23 17:00:00', '2016-09-04 00:39:45', '2016-09-04 00:39:45'),
(344, 3, 'KOTA BANDA ACEH', '13', '2016-06-24 17:00:00', '2016-09-04 00:39:45', '2016-09-04 00:39:45'),
(345, 3, 'KOTA BANDA ACEH', '7', '2016-06-25 17:00:00', '2016-09-04 00:39:45', '2016-09-04 00:39:45'),
(346, 3, 'KOTA BANDA ACEH', '4', '2016-06-26 17:00:00', '2016-09-04 00:39:45', '2016-09-04 00:39:45'),
(347, 3, 'KOTA BANDA ACEH', '11', '2016-06-27 17:00:00', '2016-09-04 00:39:45', '2016-09-04 00:39:45'),
(348, 3, 'KOTA BANDA ACEH', '10', '2016-06-28 17:00:00', '2016-09-04 00:39:45', '2016-09-04 00:39:45'),
(349, 3, 'KOTA BANDA ACEH', '7', '2016-06-29 17:00:00', '2016-09-04 00:39:45', '2016-09-04 00:39:45'),
(350, 3, 'KOTA BANDA ACEH', '7', '2016-06-30 17:00:00', '2016-09-04 00:39:45', '2016-09-04 00:39:45'),
(351, 3, 'KOTA BATAM', '3', '2016-06-17 17:00:00', '2016-09-04 00:39:45', '2016-09-04 00:39:45'),
(352, 3, 'KOTA BATAM', '8', '2016-06-18 17:00:00', '2016-09-04 00:39:45', '2016-09-04 00:39:45'),
(353, 3, 'KOTA BATAM', '4', '2016-06-19 17:00:00', '2016-09-04 00:39:45', '2016-09-04 00:39:45'),
(354, 3, 'KOTA BATAM', '3', '2016-06-20 17:00:00', '2016-09-04 00:39:45', '2016-09-04 00:39:45'),
(355, 3, 'KOTA BATAM', '2', '2016-06-21 17:00:00', '2016-09-04 00:39:45', '2016-09-04 00:39:45'),
(356, 3, 'KOTA BATAM', '3', '2016-06-22 17:00:00', '2016-09-04 00:39:45', '2016-09-04 00:39:45'),
(357, 3, 'KOTA BATAM', '3', '2016-06-23 17:00:00', '2016-09-04 00:39:45', '2016-09-04 00:39:45'),
(358, 3, 'KOTA BATAM', '2', '2016-06-24 17:00:00', '2016-09-04 00:39:45', '2016-09-04 00:39:45'),
(359, 3, 'KOTA BATAM', '4', '2016-06-25 17:00:00', '2016-09-04 00:39:45', '2016-09-04 00:39:45'),
(360, 3, 'KOTA BATAM', '6', '2016-06-26 17:00:00', '2016-09-04 00:39:45', '2016-09-04 00:39:45'),
(361, 3, 'KOTA BATAM', '2', '2016-06-27 17:00:00', '2016-09-04 00:39:45', '2016-09-04 00:39:45'),
(362, 3, 'KOTA BATAM', '4', '2016-06-28 17:00:00', '2016-09-04 00:39:45', '2016-09-04 00:39:45'),
(363, 3, 'KOTA BATAM', '3', '2016-06-29 17:00:00', '2016-09-04 00:39:45', '2016-09-04 00:39:45'),
(364, 3, 'KOTA BATAM', '5', '2016-06-30 17:00:00', '2016-09-04 00:39:45', '2016-09-04 00:39:45'),
(365, 3, 'KOTA LHOKSEUMAWE', '8', '2016-06-17 17:00:00', '2016-09-04 00:39:45', '2016-09-04 00:39:45'),
(366, 3, 'KOTA LHOKSEUMAWE', '9', '2016-06-18 17:00:00', '2016-09-04 00:39:45', '2016-09-04 00:39:45'),
(367, 3, 'KOTA LHOKSEUMAWE', '8', '2016-06-19 17:00:00', '2016-09-04 00:39:45', '2016-09-04 00:39:45'),
(368, 3, 'KOTA LHOKSEUMAWE', '6', '2016-06-20 17:00:00', '2016-09-04 00:39:45', '2016-09-04 00:39:45'),
(369, 3, 'KOTA LHOKSEUMAWE', '3', '2016-06-21 17:00:00', '2016-09-04 00:39:45', '2016-09-04 00:39:45'),
(370, 3, 'KOTA LHOKSEUMAWE', '6', '2016-06-22 17:00:00', '2016-09-04 00:39:45', '2016-09-04 00:39:45'),
(371, 3, 'KOTA LHOKSEUMAWE', '5', '2016-06-23 17:00:00', '2016-09-04 00:39:45', '2016-09-04 00:39:45'),
(372, 3, 'KOTA LHOKSEUMAWE', '16', '2016-06-24 17:00:00', '2016-09-04 00:39:45', '2016-09-04 00:39:45'),
(373, 3, 'KOTA LHOKSEUMAWE', '10', '2016-06-25 17:00:00', '2016-09-04 00:39:45', '2016-09-04 00:39:45'),
(374, 3, 'KOTA LHOKSEUMAWE', '7', '2016-06-26 17:00:00', '2016-09-04 00:39:45', '2016-09-04 00:39:45'),
(375, 3, 'KOTA LHOKSEUMAWE', '8', '2016-06-27 17:00:00', '2016-09-04 00:39:45', '2016-09-04 00:39:45'),
(376, 3, 'KOTA LHOKSEUMAWE', '11', '2016-06-28 17:00:00', '2016-09-04 00:39:45', '2016-09-04 00:39:45'),
(377, 3, 'KOTA LHOKSEUMAWE', '6', '2016-06-29 17:00:00', '2016-09-04 00:39:45', '2016-09-04 00:39:45'),
(378, 3, 'KOTA LHOKSEUMAWE', '3', '2016-06-30 17:00:00', '2016-09-04 00:39:45', '2016-09-04 00:39:45'),
(379, 3, 'KOTA MEDAN', '545', '2016-06-17 17:00:00', '2016-09-04 00:39:45', '2016-09-04 00:39:45'),
(380, 3, 'KOTA MEDAN', '909', '2016-06-18 17:00:00', '2016-09-04 00:39:45', '2016-09-04 00:39:45'),
(381, 3, 'KOTA MEDAN', '691', '2016-06-19 17:00:00', '2016-09-04 00:39:45', '2016-09-04 00:39:45'),
(382, 3, 'KOTA MEDAN', '646', '2016-06-20 17:00:00', '2016-09-04 00:39:45', '2016-09-04 00:39:45'),
(383, 3, 'KOTA MEDAN', '648', '2016-06-21 17:00:00', '2016-09-04 00:39:45', '2016-09-04 00:39:45'),
(384, 3, 'KOTA MEDAN', '608', '2016-06-22 17:00:00', '2016-09-04 00:39:45', '2016-09-04 00:39:45'),
(385, 3, 'KOTA MEDAN', '696', '2016-06-23 17:00:00', '2016-09-04 00:39:45', '2016-09-04 00:39:45'),
(386, 3, 'KOTA MEDAN', '972', '2016-06-24 17:00:00', '2016-09-04 00:39:45', '2016-09-04 00:39:45'),
(387, 3, 'KOTA MEDAN', '811', '2016-06-25 17:00:00', '2016-09-04 00:39:45', '2016-09-04 00:39:45'),
(388, 3, 'KOTA MEDAN', '1401', '2016-06-26 17:00:00', '2016-09-04 00:39:45', '2016-09-04 00:39:45'),
(389, 3, 'KOTA MEDAN', '1405', '2016-06-27 17:00:00', '2016-09-04 00:39:45', '2016-09-04 00:39:45'),
(390, 3, 'KOTA MEDAN', '1463', '2016-06-28 17:00:00', '2016-09-04 00:39:45', '2016-09-04 00:39:45'),
(391, 3, 'KOTA MEDAN', '1492', '2016-06-29 17:00:00', '2016-09-04 00:39:45', '2016-09-04 00:39:45'),
(392, 3, 'KOTA MEDAN', '1536', '2016-06-30 17:00:00', '2016-09-04 00:39:45', '2016-09-04 00:39:45'),
(393, 3, 'KOTA PEKANBARU', '3', '2016-06-17 17:00:00', '2016-09-04 00:39:45', '2016-09-04 00:39:45'),
(394, 3, 'KOTA PEKANBARU', '8', '2016-06-18 17:00:00', '2016-09-04 00:39:45', '2016-09-04 00:39:45'),
(395, 3, 'KOTA PEKANBARU', '2', '2016-06-19 17:00:00', '2016-09-04 00:39:45', '2016-09-04 00:39:45'),
(396, 3, 'KOTA PEKANBARU', '2', '2016-06-20 17:00:00', '2016-09-04 00:39:45', '2016-09-04 00:39:45'),
(397, 3, 'KOTA PEKANBARU', '4', '2016-06-21 17:00:00', '2016-09-04 00:39:45', '2016-09-04 00:39:45'),
(398, 3, 'KOTA PEKANBARU', '2', '2016-06-22 17:00:00', '2016-09-04 00:39:45', '2016-09-04 00:39:45'),
(399, 3, 'KOTA PEKANBARU', '7', '2016-06-23 17:00:00', '2016-09-04 00:39:45', '2016-09-04 00:39:45'),
(400, 3, 'KOTA PEKANBARU', '5', '2016-06-24 17:00:00', '2016-09-04 00:39:45', '2016-09-04 00:39:45'),
(401, 3, 'KOTA PEKANBARU', '6', '2016-06-25 17:00:00', '2016-09-04 00:39:45', '2016-09-04 00:39:45'),
(402, 3, 'KOTA PEKANBARU', '7', '2016-06-26 17:00:00', '2016-09-04 00:39:45', '2016-09-04 00:39:45'),
(403, 3, 'KOTA PEKANBARU', '5', '2016-06-27 17:00:00', '2016-09-04 00:39:45', '2016-09-04 00:39:45'),
(404, 3, 'KOTA PEKANBARU', '6', '2016-06-28 17:00:00', '2016-09-04 00:39:45', '2016-09-04 00:39:45'),
(405, 3, 'KOTA PEKANBARU', '5', '2016-06-29 17:00:00', '2016-09-04 00:39:45', '2016-09-04 00:39:45'),
(406, 3, 'KOTA PEKANBARU', '5', '2016-06-30 17:00:00', '2016-09-04 00:39:45', '2016-09-04 00:39:45'),
(407, 3, 'SIMALUNGUN', '7', '2016-06-17 17:00:00', '2016-09-04 00:39:45', '2016-09-04 00:39:45'),
(408, 3, 'SIMALUNGUN', '10', '2016-06-18 17:00:00', '2016-09-04 00:39:45', '2016-09-04 00:39:45'),
(409, 3, 'SIMALUNGUN', '7', '2016-06-19 17:00:00', '2016-09-04 00:39:45', '2016-09-04 00:39:45'),
(410, 3, 'SIMALUNGUN', '3', '2016-06-20 17:00:00', '2016-09-04 00:39:45', '2016-09-04 00:39:45'),
(411, 3, 'SIMALUNGUN', '7', '2016-06-21 17:00:00', '2016-09-04 00:39:45', '2016-09-04 00:39:45'),
(412, 3, 'SIMALUNGUN', '8', '2016-06-22 17:00:00', '2016-09-04 00:39:45', '2016-09-04 00:39:45'),
(413, 3, 'SIMALUNGUN', '8', '2016-06-23 17:00:00', '2016-09-04 00:39:45', '2016-09-04 00:39:45'),
(414, 3, 'SIMALUNGUN', '5', '2016-06-24 17:00:00', '2016-09-04 00:39:45', '2016-09-04 00:39:45'),
(415, 3, 'SIMALUNGUN', '7', '2016-06-25 17:00:00', '2016-09-04 00:39:45', '2016-09-04 00:39:45'),
(416, 3, 'SIMALUNGUN', '9', '2016-06-26 17:00:00', '2016-09-04 00:39:45', '2016-09-04 00:39:45'),
(417, 3, 'SIMALUNGUN', '6', '2016-06-27 17:00:00', '2016-09-04 00:39:45', '2016-09-04 00:39:45'),
(418, 3, 'SIMALUNGUN', '6', '2016-06-28 17:00:00', '2016-09-04 00:39:45', '2016-09-04 00:39:45'),
(419, 3, 'SIMALUNGUN', '1', '2016-06-29 17:00:00', '2016-09-04 00:39:45', '2016-09-04 00:39:45'),
(420, 3, 'SIMALUNGUN', '9', '2016-06-30 17:00:00', '2016-09-04 00:39:45', '2016-09-04 00:39:45'),
(421, 4, 'BANYU ASIN', '137', '2016-06-17 17:00:00', '2016-09-04 00:39:45', '2016-09-04 00:39:45'),
(422, 4, 'BANYU ASIN', '199', '2016-06-18 17:00:00', '2016-09-04 00:39:45', '2016-09-04 00:39:45'),
(423, 4, 'BANYU ASIN', '156', '2016-06-19 17:00:00', '2016-09-04 00:39:45', '2016-09-04 00:39:45'),
(424, 4, 'BANYU ASIN', '131', '2016-06-20 17:00:00', '2016-09-04 00:39:45', '2016-09-04 00:39:45'),
(425, 4, 'BANYU ASIN', '172', '2016-06-21 17:00:00', '2016-09-04 00:39:45', '2016-09-04 00:39:45'),
(426, 4, 'BANYU ASIN', '145', '2016-06-22 17:00:00', '2016-09-04 00:39:45', '2016-09-04 00:39:45'),
(427, 4, 'BANYU ASIN', '138', '2016-06-23 17:00:00', '2016-09-04 00:39:45', '2016-09-04 00:39:45'),
(428, 4, 'BANYU ASIN', '150', '2016-06-24 17:00:00', '2016-09-04 00:39:45', '2016-09-04 00:39:45'),
(429, 4, 'BANYU ASIN', '179', '2016-06-25 17:00:00', '2016-09-04 00:39:45', '2016-09-04 00:39:45'),
(430, 4, 'BANYU ASIN', '221', '2016-06-26 17:00:00', '2016-09-04 00:39:45', '2016-09-04 00:39:45'),
(431, 4, 'BANYU ASIN', '151', '2016-06-27 17:00:00', '2016-09-04 00:39:45', '2016-09-04 00:39:45'),
(432, 4, 'BANYU ASIN', '169', '2016-06-28 17:00:00', '2016-09-04 00:39:45', '2016-09-04 00:39:45'),
(433, 4, 'BANYU ASIN', '179', '2016-06-29 17:00:00', '2016-09-04 00:39:45', '2016-09-04 00:39:45'),
(434, 4, 'BANYU ASIN', '166', '2016-06-30 17:00:00', '2016-09-04 00:39:45', '2016-09-04 00:39:45'),
(435, 4, 'KOTA PALEMBANG', '1254', '2016-06-17 17:00:00', '2016-09-04 00:39:45', '2016-09-04 00:39:45'),
(436, 4, 'KOTA PALEMBANG', '1407', '2016-06-18 17:00:00', '2016-09-04 00:39:45', '2016-09-04 00:39:45'),
(437, 4, 'KOTA PALEMBANG', '1772', '2016-06-19 17:00:00', '2016-09-04 00:39:45', '2016-09-04 00:39:45'),
(438, 4, 'KOTA PALEMBANG', '1643', '2016-06-20 17:00:00', '2016-09-04 00:39:45', '2016-09-04 00:39:45'),
(439, 4, 'KOTA PALEMBANG', '1849', '2016-06-21 17:00:00', '2016-09-04 00:39:45', '2016-09-04 00:39:45'),
(440, 4, 'KOTA PALEMBANG', '1745', '2016-06-22 17:00:00', '2016-09-04 00:39:45', '2016-09-04 00:39:45'),
(441, 4, 'KOTA PALEMBANG', '1783', '2016-06-23 17:00:00', '2016-09-04 00:39:45', '2016-09-04 00:39:45'),
(442, 4, 'KOTA PALEMBANG', '1254', '2016-06-24 17:00:00', '2016-09-04 00:39:45', '2016-09-04 00:39:45'),
(443, 4, 'KOTA PALEMBANG', '1038', '2016-06-25 17:00:00', '2016-09-04 00:39:45', '2016-09-04 00:39:45'),
(444, 4, 'KOTA PALEMBANG', '1875', '2016-06-26 17:00:00', '2016-09-04 00:39:45', '2016-09-04 00:39:45'),
(445, 4, 'KOTA PALEMBANG', '1657', '2016-06-27 17:00:00', '2016-09-04 00:39:45', '2016-09-04 00:39:45'),
(446, 4, 'KOTA PALEMBANG', '1650', '2016-06-28 17:00:00', '2016-09-04 00:39:45', '2016-09-04 00:39:45'),
(447, 4, 'KOTA PALEMBANG', '1631', '2016-06-29 17:00:00', '2016-09-04 00:39:45', '2016-09-04 00:39:45'),
(448, 4, 'KOTA PALEMBANG', '1890', '2016-06-30 17:00:00', '2016-09-04 00:39:45', '2016-09-04 00:39:45'),
(449, 4, 'KOTA PRABUMULIH', '41', '2016-06-17 17:00:00', '2016-09-04 00:39:45', '2016-09-04 00:39:45'),
(450, 4, 'KOTA PRABUMULIH', '47', '2016-06-18 17:00:00', '2016-09-04 00:39:45', '2016-09-04 00:39:45'),
(451, 4, 'KOTA PRABUMULIH', '24', '2016-06-19 17:00:00', '2016-09-04 00:39:45', '2016-09-04 00:39:45'),
(452, 4, 'KOTA PRABUMULIH', '27', '2016-06-20 17:00:00', '2016-09-04 00:39:45', '2016-09-04 00:39:45'),
(453, 4, 'KOTA PRABUMULIH', '23', '2016-06-21 17:00:00', '2016-09-04 00:39:45', '2016-09-04 00:39:45'),
(454, 4, 'KOTA PRABUMULIH', '31', '2016-06-22 17:00:00', '2016-09-04 00:39:45', '2016-09-04 00:39:45'),
(455, 4, 'KOTA PRABUMULIH', '20', '2016-06-23 17:00:00', '2016-09-04 00:39:45', '2016-09-04 00:39:45'),
(456, 4, 'KOTA PRABUMULIH', '36', '2016-06-24 17:00:00', '2016-09-04 00:39:45', '2016-09-04 00:39:45'),
(457, 4, 'KOTA PRABUMULIH', '46', '2016-06-25 17:00:00', '2016-09-04 00:39:45', '2016-09-04 00:39:45'),
(458, 4, 'KOTA PRABUMULIH', '30', '2016-06-26 17:00:00', '2016-09-04 00:39:45', '2016-09-04 00:39:45'),
(459, 4, 'KOTA PRABUMULIH', '23', '2016-06-27 17:00:00', '2016-09-04 00:39:45', '2016-09-04 00:39:45'),
(460, 4, 'KOTA PRABUMULIH', '23', '2016-06-28 17:00:00', '2016-09-04 00:39:45', '2016-09-04 00:39:45'),
(461, 4, 'KOTA PRABUMULIH', '37', '2016-06-29 17:00:00', '2016-09-04 00:39:45', '2016-09-04 00:39:45'),
(462, 4, 'KOTA PRABUMULIH', '20', '2016-06-30 17:00:00', '2016-09-04 00:39:45', '2016-09-04 00:39:45'),
(463, 4, 'LAHAT', '27', '2016-06-17 17:00:00', '2016-09-04 00:39:45', '2016-09-04 00:39:45'),
(464, 4, 'LAHAT', '36', '2016-06-18 17:00:00', '2016-09-04 00:39:45', '2016-09-04 00:39:45'),
(465, 4, 'LAHAT', '21', '2016-06-19 17:00:00', '2016-09-04 00:39:45', '2016-09-04 00:39:45'),
(466, 4, 'LAHAT', '17', '2016-06-20 17:00:00', '2016-09-04 00:39:45', '2016-09-04 00:39:45'),
(467, 4, 'LAHAT', '21', '2016-06-21 17:00:00', '2016-09-04 00:39:45', '2016-09-04 00:39:45'),
(468, 4, 'LAHAT', '17', '2016-06-22 17:00:00', '2016-09-04 00:39:45', '2016-09-04 00:39:45'),
(469, 4, 'LAHAT', '14', '2016-06-23 17:00:00', '2016-09-04 00:39:45', '2016-09-04 00:39:45'),
(470, 4, 'LAHAT', '14', '2016-06-24 17:00:00', '2016-09-04 00:39:45', '2016-09-04 00:39:45'),
(471, 4, 'LAHAT', '31', '2016-06-25 17:00:00', '2016-09-04 00:39:45', '2016-09-04 00:39:45'),
(472, 4, 'LAHAT', '26', '2016-06-26 17:00:00', '2016-09-04 00:39:45', '2016-09-04 00:39:45'),
(473, 4, 'LAHAT', '15', '2016-06-27 17:00:00', '2016-09-04 00:39:45', '2016-09-04 00:39:45'),
(474, 4, 'LAHAT', '25', '2016-06-28 17:00:00', '2016-09-04 00:39:45', '2016-09-04 00:39:45'),
(475, 4, 'LAHAT', '18', '2016-06-29 17:00:00', '2016-09-04 00:39:45', '2016-09-04 00:39:45'),
(476, 4, 'LAHAT', '14', '2016-06-30 17:00:00', '2016-09-04 00:39:45', '2016-09-04 00:39:45'),
(477, 4, 'MUARA ENIM', '71', '2016-06-17 17:00:00', '2016-09-04 00:39:45', '2016-09-04 00:39:45'),
(478, 4, 'MUARA ENIM', '90', '2016-06-18 17:00:00', '2016-09-04 00:39:45', '2016-09-04 00:39:45'),
(479, 4, 'MUARA ENIM', '43', '2016-06-19 17:00:00', '2016-09-04 00:39:45', '2016-09-04 00:39:45'),
(480, 4, 'MUARA ENIM', '30', '2016-06-20 17:00:00', '2016-09-04 00:39:45', '2016-09-04 00:39:45'),
(481, 4, 'MUARA ENIM', '44', '2016-06-21 17:00:00', '2016-09-04 00:39:45', '2016-09-04 00:39:45'),
(482, 4, 'MUARA ENIM', '42', '2016-06-22 17:00:00', '2016-09-04 00:39:45', '2016-09-04 00:39:45'),
(483, 4, 'MUARA ENIM', '56', '2016-06-23 17:00:00', '2016-09-04 00:39:45', '2016-09-04 00:39:45'),
(484, 4, 'MUARA ENIM', '67', '2016-06-24 17:00:00', '2016-09-04 00:39:45', '2016-09-04 00:39:45'),
(485, 4, 'MUARA ENIM', '94', '2016-06-25 17:00:00', '2016-09-04 00:39:45', '2016-09-04 00:39:45'),
(486, 4, 'MUARA ENIM', '76', '2016-06-26 17:00:00', '2016-09-04 00:39:45', '2016-09-04 00:39:45'),
(487, 4, 'MUARA ENIM', '61', '2016-06-27 17:00:00', '2016-09-04 00:39:45', '2016-09-04 00:39:45'),
(488, 4, 'MUARA ENIM', '73', '2016-06-28 17:00:00', '2016-09-04 00:39:45', '2016-09-04 00:39:45'),
(489, 4, 'MUARA ENIM', '52', '2016-06-29 17:00:00', '2016-09-04 00:39:45', '2016-09-04 00:39:45'),
(490, 4, 'MUARA ENIM', '61', '2016-06-30 17:00:00', '2016-09-04 00:39:45', '2016-09-04 00:39:45'),
(491, 4, 'MUSI BANYUASIN', '56', '2016-06-17 17:00:00', '2016-09-04 00:39:45', '2016-09-04 00:39:45'),
(492, 4, 'MUSI BANYUASIN', '76', '2016-06-18 17:00:00', '2016-09-04 00:39:45', '2016-09-04 00:39:45'),
(493, 4, 'MUSI BANYUASIN', '48', '2016-06-19 17:00:00', '2016-09-04 00:39:45', '2016-09-04 00:39:45'),
(494, 4, 'MUSI BANYUASIN', '50', '2016-06-20 17:00:00', '2016-09-04 00:39:45', '2016-09-04 00:39:45'),
(495, 4, 'MUSI BANYUASIN', '32', '2016-06-21 17:00:00', '2016-09-04 00:39:45', '2016-09-04 00:39:45'),
(496, 4, 'MUSI BANYUASIN', '40', '2016-06-22 17:00:00', '2016-09-04 00:39:45', '2016-09-04 00:39:45'),
(497, 4, 'MUSI BANYUASIN', '47', '2016-06-23 17:00:00', '2016-09-04 00:39:45', '2016-09-04 00:39:45'),
(498, 4, 'MUSI BANYUASIN', '52', '2016-06-24 17:00:00', '2016-09-04 00:39:45', '2016-09-04 00:39:45'),
(499, 4, 'MUSI BANYUASIN', '64', '2016-06-25 17:00:00', '2016-09-04 00:39:45', '2016-09-04 00:39:45'),
(500, 4, 'MUSI BANYUASIN', '67', '2016-06-26 17:00:00', '2016-09-04 00:39:45', '2016-09-04 00:39:45');
INSERT INTO `hometowns` (`id`, `location_id`, `origin`, `total`, `input_date`, `created_at`, `updated_at`) VALUES
(501, 4, 'MUSI BANYUASIN', '35', '2016-06-27 17:00:00', '2016-09-04 00:39:45', '2016-09-04 00:39:45'),
(502, 4, 'MUSI BANYUASIN', '41', '2016-06-28 17:00:00', '2016-09-04 00:39:45', '2016-09-04 00:39:45'),
(503, 4, 'MUSI BANYUASIN', '49', '2016-06-29 17:00:00', '2016-09-04 00:39:45', '2016-09-04 00:39:45'),
(504, 4, 'MUSI BANYUASIN', '51', '2016-06-30 17:00:00', '2016-09-04 00:39:45', '2016-09-04 00:39:45'),
(505, 4, 'OGAN ILIR', '92', '2016-06-17 17:00:00', '2016-09-04 00:39:45', '2016-09-04 00:39:45'),
(506, 4, 'OGAN ILIR', '101', '2016-06-18 17:00:00', '2016-09-04 00:39:45', '2016-09-04 00:39:45'),
(507, 4, 'OGAN ILIR', '79', '2016-06-19 17:00:00', '2016-09-04 00:39:45', '2016-09-04 00:39:45'),
(508, 4, 'OGAN ILIR', '61', '2016-06-20 17:00:00', '2016-09-04 00:39:45', '2016-09-04 00:39:45'),
(509, 4, 'OGAN ILIR', '65', '2016-06-21 17:00:00', '2016-09-04 00:39:45', '2016-09-04 00:39:45'),
(510, 4, 'OGAN ILIR', '78', '2016-06-22 17:00:00', '2016-09-04 00:39:45', '2016-09-04 00:39:45'),
(511, 4, 'OGAN ILIR', '67', '2016-06-23 17:00:00', '2016-09-04 00:39:45', '2016-09-04 00:39:45'),
(512, 4, 'OGAN ILIR', '73', '2016-06-24 17:00:00', '2016-09-04 00:39:45', '2016-09-04 00:39:45'),
(513, 4, 'OGAN ILIR', '109', '2016-06-25 17:00:00', '2016-09-04 00:39:45', '2016-09-04 00:39:45'),
(514, 4, 'OGAN ILIR', '88', '2016-06-26 17:00:00', '2016-09-04 00:39:45', '2016-09-04 00:39:45'),
(515, 4, 'OGAN ILIR', '69', '2016-06-27 17:00:00', '2016-09-04 00:39:45', '2016-09-04 00:39:45'),
(516, 4, 'OGAN ILIR', '76', '2016-06-28 17:00:00', '2016-09-04 00:39:45', '2016-09-04 00:39:45'),
(517, 4, 'OGAN ILIR', '87', '2016-06-29 17:00:00', '2016-09-04 00:39:45', '2016-09-04 00:39:45'),
(518, 4, 'OGAN ILIR', '89', '2016-06-30 17:00:00', '2016-09-04 00:39:45', '2016-09-04 00:39:45'),
(519, 4, 'OGAN KOMERING ILIR', '60', '2016-06-17 17:00:00', '2016-09-04 00:39:45', '2016-09-04 00:39:45'),
(520, 4, 'OGAN KOMERING ILIR', '96', '2016-06-18 17:00:00', '2016-09-04 00:39:45', '2016-09-04 00:39:45'),
(521, 4, 'OGAN KOMERING ILIR', '93', '2016-06-19 17:00:00', '2016-09-04 00:39:45', '2016-09-04 00:39:45'),
(522, 4, 'OGAN KOMERING ILIR', '61', '2016-06-20 17:00:00', '2016-09-04 00:39:45', '2016-09-04 00:39:45'),
(523, 4, 'OGAN KOMERING ILIR', '63', '2016-06-21 17:00:00', '2016-09-04 00:39:45', '2016-09-04 00:39:45'),
(524, 4, 'OGAN KOMERING ILIR', '56', '2016-06-22 17:00:00', '2016-09-04 00:39:45', '2016-09-04 00:39:45'),
(525, 4, 'OGAN KOMERING ILIR', '79', '2016-06-23 17:00:00', '2016-09-04 00:39:45', '2016-09-04 00:39:45'),
(526, 4, 'OGAN KOMERING ILIR', '100', '2016-06-24 17:00:00', '2016-09-04 00:39:45', '2016-09-04 00:39:45'),
(527, 4, 'OGAN KOMERING ILIR', '100', '2016-06-25 17:00:00', '2016-09-04 00:39:45', '2016-09-04 00:39:45'),
(528, 4, 'OGAN KOMERING ILIR', '113', '2016-06-26 17:00:00', '2016-09-04 00:39:45', '2016-09-04 00:39:45'),
(529, 4, 'OGAN KOMERING ILIR', '81', '2016-06-27 17:00:00', '2016-09-04 00:39:45', '2016-09-04 00:39:45'),
(530, 4, 'OGAN KOMERING ILIR', '65', '2016-06-28 17:00:00', '2016-09-04 00:39:45', '2016-09-04 00:39:45'),
(531, 4, 'OGAN KOMERING ILIR', '88', '2016-06-29 17:00:00', '2016-09-04 00:39:45', '2016-09-04 00:39:45'),
(532, 4, 'OGAN KOMERING ILIR', '123', '2016-06-30 17:00:00', '2016-09-04 00:39:45', '2016-09-04 00:39:45'),
(533, 4, 'OGAN KOMERING ULU', '19', '2016-06-17 17:00:00', '2016-09-04 00:39:45', '2016-09-04 00:39:45'),
(534, 4, 'OGAN KOMERING ULU', '30', '2016-06-18 17:00:00', '2016-09-04 00:39:45', '2016-09-04 00:39:45'),
(535, 4, 'OGAN KOMERING ULU', '23', '2016-06-19 17:00:00', '2016-09-04 00:39:45', '2016-09-04 00:39:45'),
(536, 4, 'OGAN KOMERING ULU', '6', '2016-06-20 17:00:00', '2016-09-04 00:39:45', '2016-09-04 00:39:45'),
(537, 4, 'OGAN KOMERING ULU', '15', '2016-06-21 17:00:00', '2016-09-04 00:39:45', '2016-09-04 00:39:45'),
(538, 4, 'OGAN KOMERING ULU', '15', '2016-06-22 17:00:00', '2016-09-04 00:39:45', '2016-09-04 00:39:45'),
(539, 4, 'OGAN KOMERING ULU', '19', '2016-06-23 17:00:00', '2016-09-04 00:39:45', '2016-09-04 00:39:45'),
(540, 4, 'OGAN KOMERING ULU', '11', '2016-06-24 17:00:00', '2016-09-04 00:39:45', '2016-09-04 00:39:45'),
(541, 4, 'OGAN KOMERING ULU', '13', '2016-06-25 17:00:00', '2016-09-04 00:39:45', '2016-09-04 00:39:45'),
(542, 4, 'OGAN KOMERING ULU', '24', '2016-06-26 17:00:00', '2016-09-04 00:39:45', '2016-09-04 00:39:45'),
(543, 4, 'OGAN KOMERING ULU', '9', '2016-06-27 17:00:00', '2016-09-04 00:39:45', '2016-09-04 00:39:45'),
(544, 4, 'OGAN KOMERING ULU', '11', '2016-06-28 17:00:00', '2016-09-04 00:39:45', '2016-09-04 00:39:45'),
(545, 4, 'OGAN KOMERING ULU', '11', '2016-06-29 17:00:00', '2016-09-04 00:39:45', '2016-09-04 00:39:45'),
(546, 4, 'OGAN KOMERING ULU', '20', '2016-06-30 17:00:00', '2016-09-04 00:39:45', '2016-09-04 00:39:45'),
(547, 4, 'PENUKAL ABAB LEMATANG ILIR', '30', '2016-06-17 17:00:00', '2016-09-04 00:39:45', '2016-09-04 00:39:45'),
(548, 4, 'PENUKAL ABAB LEMATANG ILIR', '16', '2016-06-18 17:00:00', '2016-09-04 00:39:45', '2016-09-04 00:39:45'),
(549, 4, 'PENUKAL ABAB LEMATANG ILIR', '11', '2016-06-19 17:00:00', '2016-09-04 00:39:45', '2016-09-04 00:39:45'),
(550, 4, 'PENUKAL ABAB LEMATANG ILIR', '23', '2016-06-20 17:00:00', '2016-09-04 00:39:45', '2016-09-04 00:39:45'),
(551, 4, 'PENUKAL ABAB LEMATANG ILIR', '22', '2016-06-21 17:00:00', '2016-09-04 00:39:45', '2016-09-04 00:39:45'),
(552, 4, 'PENUKAL ABAB LEMATANG ILIR', '12', '2016-06-22 17:00:00', '2016-09-04 00:39:45', '2016-09-04 00:39:45'),
(553, 4, 'PENUKAL ABAB LEMATANG ILIR', '22', '2016-06-23 17:00:00', '2016-09-04 00:39:45', '2016-09-04 00:39:45'),
(554, 4, 'PENUKAL ABAB LEMATANG ILIR', '31', '2016-06-24 17:00:00', '2016-09-04 00:39:45', '2016-09-04 00:39:45'),
(555, 4, 'PENUKAL ABAB LEMATANG ILIR', '37', '2016-06-25 17:00:00', '2016-09-04 00:39:45', '2016-09-04 00:39:45'),
(556, 4, 'PENUKAL ABAB LEMATANG ILIR', '26', '2016-06-26 17:00:00', '2016-09-04 00:39:45', '2016-09-04 00:39:45'),
(557, 4, 'PENUKAL ABAB LEMATANG ILIR', '10', '2016-06-27 17:00:00', '2016-09-04 00:39:45', '2016-09-04 00:39:45'),
(558, 4, 'PENUKAL ABAB LEMATANG ILIR', '25', '2016-06-28 17:00:00', '2016-09-04 00:39:45', '2016-09-04 00:39:45'),
(559, 4, 'PENUKAL ABAB LEMATANG ILIR', '20', '2016-06-29 17:00:00', '2016-09-04 00:39:45', '2016-09-04 00:39:45'),
(560, 4, 'PENUKAL ABAB LEMATANG ILIR', '22', '2016-06-30 17:00:00', '2016-09-04 00:39:45', '2016-09-04 00:39:45');

-- --------------------------------------------------------

--
-- Table structure for table `locations`
--

CREATE TABLE `locations` (
  `id` int(10) UNSIGNED NOT NULL,
  `name` varchar(255) COLLATE utf8_unicode_ci NOT NULL,
  `created_at` timestamp NULL DEFAULT NULL,
  `updated_at` timestamp NULL DEFAULT NULL
) ENGINE=InnoDB DEFAULT CHARSET=utf8 COLLATE=utf8_unicode_ci;

--
-- Dumping data for table `locations`
--

INSERT INTO `locations` (`id`, `name`, `created_at`, `updated_at`) VALUES
(1, 'Jakarta', NULL, NULL),
(2, 'Bandung', NULL, NULL),
(3, 'Palembang', NULL, NULL),
(4, 'Medan', NULL, NULL);

-- --------------------------------------------------------

--
-- Table structure for table `migrations`
--

CREATE TABLE `migrations` (
  `migration` varchar(255) COLLATE utf8_unicode_ci NOT NULL,
  `batch` int(11) NOT NULL
) ENGINE=InnoDB DEFAULT CHARSET=utf8 COLLATE=utf8_unicode_ci;

--
-- Dumping data for table `migrations`
--

INSERT INTO `migrations` (`migration`, `batch`) VALUES
('2014_10_12_000000_create_users_table', 1),
('2014_10_12_100000_create_password_resets_table', 1),
('2016_08_30_132628_create_traffic_table', 1),
('2016_08_30_132649_create_locations_table', 1),
('2016_09_03_111042_create_graphics_table', 2),
('2016_09_04_072135_create_hometowns_table', 3);

-- --------------------------------------------------------

--
-- Table structure for table `password_resets`
--

CREATE TABLE `password_resets` (
  `email` varchar(255) COLLATE utf8_unicode_ci NOT NULL,
  `token` varchar(255) COLLATE utf8_unicode_ci NOT NULL,
  `created_at` timestamp NULL DEFAULT NULL
) ENGINE=InnoDB DEFAULT CHARSET=utf8 COLLATE=utf8_unicode_ci;

-- --------------------------------------------------------

--
-- Table structure for table `traffic`
--

CREATE TABLE `traffic` (
  `id` int(10) UNSIGNED NOT NULL,
  `location_id` int(11) NOT NULL,
  `type` enum('weekday','weekend') COLLATE utf8_unicode_ci NOT NULL,
  `total_traffic` varchar(255) COLLATE utf8_unicode_ci NOT NULL,
  `input_date` timestamp NOT NULL DEFAULT CURRENT_TIMESTAMP ON UPDATE CURRENT_TIMESTAMP,
  `created_at` timestamp NULL DEFAULT NULL,
  `updated_at` timestamp NULL DEFAULT NULL,
  `updated_atCopy` timestamp NULL DEFAULT NULL,
  `00` int(11) DEFAULT NULL,
  `01` int(11) DEFAULT NULL,
  `02` int(11) DEFAULT NULL,
  `03` int(11) DEFAULT NULL,
  `04` int(11) DEFAULT NULL,
  `05` int(11) DEFAULT NULL,
  `06` int(11) DEFAULT NULL,
  `07` int(11) DEFAULT NULL,
  `08` int(11) DEFAULT NULL,
  `09` int(11) DEFAULT NULL,
  `10` int(11) DEFAULT NULL,
  `11` int(11) DEFAULT NULL,
  `12` int(11) DEFAULT NULL,
  `13` int(11) DEFAULT NULL,
  `14` int(11) DEFAULT NULL,
  `15` int(11) DEFAULT NULL,
  `16` int(11) DEFAULT NULL,
  `17` int(11) DEFAULT NULL,
  `18` int(11) DEFAULT NULL,
  `19` int(11) DEFAULT NULL,
  `20` int(11) DEFAULT NULL,
  `21` int(11) DEFAULT NULL,
  `22` int(11) DEFAULT NULL,
  `23` int(11) DEFAULT NULL,
  `00_unique` int(11) DEFAULT NULL,
  `01_unique` int(11) DEFAULT NULL,
  `02_unique` int(11) DEFAULT NULL,
  `03_unique` int(11) DEFAULT NULL,
  `04_unique` int(11) DEFAULT NULL,
  `05_unique` int(11) DEFAULT NULL,
  `06_unique` int(11) DEFAULT NULL,
  `07_unique` int(11) DEFAULT NULL,
  `08_unique` int(11) DEFAULT NULL,
  `09_unique` int(11) DEFAULT NULL,
  `10_unique` int(11) DEFAULT NULL,
  `11_unique` int(11) DEFAULT NULL,
  `12_unique` int(11) DEFAULT NULL,
  `13_unique` int(11) DEFAULT NULL,
  `14_unique` int(11) DEFAULT NULL,
  `15_unique` int(11) DEFAULT NULL,
  `16_unique` int(11) DEFAULT NULL,
  `17_unique` int(11) DEFAULT NULL,
  `18_unique` int(11) DEFAULT NULL,
  `19_unique` int(11) DEFAULT NULL,
  `20_unique` int(11) DEFAULT NULL,
  `21_unique` int(11) DEFAULT NULL,
  `22_unique` int(11) DEFAULT NULL,
  `23_unique` int(11) DEFAULT NULL
) ENGINE=InnoDB DEFAULT CHARSET=utf8 COLLATE=utf8_unicode_ci;

--
-- Dumping data for table `traffic`
--

INSERT INTO `traffic` (`id`, `location_id`, `type`, `total_traffic`, `input_date`, `created_at`, `updated_at`, `updated_atCopy`, `00`, `01`, `02`, `03`, `04`, `05`, `06`, `07`, `08`, `09`, `10`, `11`, `12`, `13`, `14`, `15`, `16`, `17`, `18`, `19`, `20`, `21`, `22`, `23`, `00_unique`, `01_unique`, `02_unique`, `03_unique`, `04_unique`, `05_unique`, `06_unique`, `07_unique`, `08_unique`, `09_unique`, `10_unique`, `11_unique`, `12_unique`, `13_unique`, `14_unique`, `15_unique`, `16_unique`, `17_unique`, `18_unique`, `19_unique`, `20_unique`, `21_unique`, `22_unique`, `23_unique`) VALUES
(1, 1, 'weekday', '18637', '2016-06-18 04:32:59', '2016-08-31 19:32:59', '2016-09-02 21:32:59', NULL, 328, 265, 229, 313, 350, 275, 346, 481, 746, 881, 980, 1063, 1150, 1114, 1202, 1229, 1241, 1216, 1173, 1046, 1051, 849, 604, 505, 123, 78, 45, 76, 107, 80, 114, 187, 18, 153, 114, 15, 14, 16, 18, 132, 103, 21, 23, 112, 22, 33, 65, 14),
(2, 2, 'weekday', '12463', '2016-06-18 04:32:59', '2016-08-31 19:32:59', '2016-09-02 21:32:59', NULL, 350, 290, 269, 263, 315, 261, 281, 318, 433, 475, 479, 466, 559, 600, 603, 618, 775, 837, 804, 768, 751, 728, 715, 505, 32, 96, 171, 85, 231, 52, 23, 123, 10, 55, 101, 79, 55, 45, 32, 49, 163, 11, 44, 232, 103, 6, 27, 152),
(3, 3, 'weekday', '2737', '2016-06-18 04:32:59', '2016-08-31 19:32:59', '2016-09-02 21:32:59', NULL, 94, 72, 50, 56, 67, 66, 62, 82, 109, 114, 125, 155, 147, 164, 141, 146, 138, 148, 135, 120, 142, 148, 133, 123, 156, 84, 55, 39, 222, 109, 41, 324, 22, 66, 102, 78, 53, 443, 567, 50, 169, 12, 209, 54, 231, 5, 47, 153),
(4, 4, 'weekday', '4104', '2016-06-18 04:32:59', '2016-08-31 19:32:59', '2016-09-02 21:32:59', NULL, 37, 34, 27, 35, 53, 31, 55, 87, 181, 230, 306, 360, 362, 416, 392, 317, 297, 238, 122, 138, 123, 92, 93, 78, 122, 48, 36, 213, 311, 44, 12, 241, 33, 77, 103, 77, 51, 442, 654, 51, 193, 13, 105, 59, 48, 5, 76, 154),
(5, 1, 'weekday', '21955', '2016-09-03 05:38:40', '2016-08-31 19:32:59', '2016-09-02 21:32:59', NULL, 343, 210, 59, 137, 183, 254, 311, 426, 738, 1047, 1226, 1527, 1560, 1658, 1622, 1644, 1717, 1565, 1452, 1231, 1036, 893, 613, 503, NULL, NULL, NULL, NULL, NULL, 86, 31, 221, 44, 88, 104, 76, 54, 226, 444, 56, 444, 14, 341, 23, 10, 4, 72, NULL),
(6, 2, 'weekday', '13370', '2016-06-19 04:32:59', '2016-08-31 19:32:59', '2016-09-02 21:32:59', NULL, 383, 235, 81, 76, 83, 165, 148, 240, 383, 455, 491, 597, 751, 829, 901, 1017, 1052, 1006, 939, 816, 805, 774, 685, 458, NULL, NULL, NULL, NULL, NULL, NULL, NULL, NULL, NULL, NULL, NULL, NULL, NULL, NULL, NULL, NULL, NULL, NULL, NULL, NULL, NULL, NULL, NULL, NULL),
(7, 3, 'weekday', '4023', '2016-06-19 04:32:59', '2016-08-31 19:32:59', '2016-09-02 21:32:59', NULL, 106, 77, 39, 41, 38, 65, 63, 60, 127, 139, 155, 169, 211, 208, 259, 231, 210, 262, 293, 318, 294, 279, 249, 130, NULL, NULL, NULL, NULL, NULL, NULL, NULL, NULL, NULL, NULL, NULL, NULL, NULL, NULL, NULL, NULL, NULL, NULL, NULL, NULL, NULL, NULL, NULL, NULL),
(8, 4, 'weekday', '4717', '2016-06-19 04:32:59', '2016-08-31 19:32:59', '2016-09-02 21:32:59', NULL, 69, 55, 29, 36, 44, 50, 61, 86, 185, 283, 383, 419, 466, 407, 424, 379, 345, 226, 153, 179, 186, 134, 94, 24, NULL, NULL, NULL, NULL, NULL, NULL, NULL, NULL, NULL, NULL, NULL, NULL, NULL, NULL, NULL, NULL, NULL, NULL, NULL, NULL, NULL, NULL, NULL, NULL),
(9, 1, 'weekday', '20093', '2016-06-20 04:32:59', '2016-08-31 19:32:59', '2016-09-02 21:32:59', NULL, 297, 211, 200, 273, 313, 349, 413, 595, 905, 1072, 1197, 1248, 1280, 1305, 1378, 1438, 1336, 1194, 1125, 1013, 1043, 871, 578, 459, NULL, NULL, NULL, NULL, NULL, NULL, NULL, NULL, NULL, NULL, NULL, NULL, NULL, NULL, NULL, NULL, NULL, NULL, NULL, NULL, NULL, NULL, NULL, NULL),
(10, 2, 'weekday', '18797', '2016-06-20 04:32:59', '2016-08-31 19:32:59', '2016-09-02 21:32:59', NULL, 287, 257, 206, 216, 220, 217, 278, 483, 986, 1080, 1102, 965, 1140, 1208, 1128, 1057, 1284, 1414, 1337, 1078, 925, 770, 669, 490, NULL, NULL, NULL, NULL, NULL, NULL, NULL, NULL, NULL, NULL, NULL, NULL, NULL, NULL, NULL, NULL, NULL, NULL, NULL, NULL, NULL, NULL, NULL, NULL),
(11, 3, 'weekday', '3447', '2016-06-20 04:32:59', '2016-08-31 19:32:59', '2016-09-02 21:32:59', NULL, 101, 74, 68, 48, 66, 76, 83, 77, 148, 166, 188, 193, 197, 198, 189, 201, 200, 165, 194, 201, 160, 171, 158, 125, NULL, NULL, NULL, NULL, NULL, NULL, NULL, NULL, NULL, NULL, NULL, NULL, NULL, NULL, NULL, NULL, NULL, NULL, NULL, NULL, NULL, NULL, NULL, NULL),
(12, 4, 'weekday', '5776', '2016-06-20 04:32:59', '2016-08-31 19:32:59', '2016-09-02 21:32:59', NULL, 30, 22, 12, 25, 27, 27, 54, 130, 342, 513, 564, 626, 507, 611, 535, 548, 406, 214, 109, 119, 123, 96, 76, 60, NULL, NULL, NULL, NULL, NULL, NULL, NULL, NULL, NULL, NULL, NULL, NULL, NULL, NULL, NULL, NULL, NULL, NULL, NULL, NULL, NULL, NULL, NULL, NULL),
(13, 1, 'weekday', '20949', '2016-06-21 04:32:59', '2016-08-31 19:32:59', '2016-09-02 21:32:59', NULL, 335, 333, 236, 292, 311, 339, 406, 640, 997, 1228, 1255, 1351, 1390, 1313, 1321, 1335, 1404, 1305, 1189, 1010, 971, 857, 618, 513, NULL, NULL, NULL, NULL, NULL, NULL, NULL, NULL, NULL, NULL, NULL, NULL, NULL, NULL, NULL, NULL, NULL, NULL, NULL, NULL, NULL, NULL, NULL, NULL),
(14, 2, 'weekday', '20000', '2016-06-21 04:32:59', '2016-08-31 19:32:59', '2016-09-02 21:32:59', NULL, 363, 337, 280, 272, 242, 245, 339, 569, 1086, 1439, 1347, 1256, 1322, 1296, 1192, 1092, 1296, 1201, 1038, 945, 913, 782, 665, 483, NULL, NULL, NULL, NULL, NULL, NULL, NULL, NULL, NULL, NULL, NULL, NULL, NULL, NULL, NULL, NULL, NULL, NULL, NULL, NULL, NULL, NULL, NULL, NULL),
(15, 3, 'weekday', '3395', '2016-06-21 04:32:59', '2016-08-31 19:32:59', '2016-09-02 21:32:59', NULL, 108, 114, 66, 63, 72, 64, 76, 104, 160, 189, 202, 177, 183, 194, 167, 196, 178, 200, 214, 172, 137, 137, 117, 105, NULL, NULL, NULL, NULL, NULL, NULL, NULL, NULL, NULL, NULL, NULL, NULL, NULL, NULL, NULL, NULL, NULL, NULL, NULL, NULL, NULL, NULL, NULL, NULL),
(16, 4, 'weekday', '5400', '2016-06-21 04:32:59', '2016-08-31 19:32:59', '2016-09-02 21:32:59', NULL, 45, 59, 20, 20, 31, 34, 49, 133, 310, 471, 523, 599, 516, 514, 450, 395, 366, 223, 128, 132, 123, 105, 83, 71, NULL, NULL, NULL, NULL, NULL, NULL, NULL, NULL, NULL, NULL, NULL, NULL, NULL, NULL, NULL, NULL, NULL, NULL, NULL, NULL, NULL, NULL, NULL, NULL),
(17, 1, 'weekday', '21293', '2016-06-22 04:32:59', '2016-08-31 19:32:59', '2016-09-02 21:32:59', NULL, 355, 237, 222, 282, 345, 341, 378, 644, 982, 1098, 1244, 1313, 1306, 1428, 1369, 1434, 1507, 1348, 1227, 1123, 1129, 879, 580, 522, NULL, NULL, NULL, NULL, NULL, NULL, NULL, NULL, NULL, NULL, NULL, NULL, NULL, NULL, NULL, NULL, NULL, NULL, NULL, NULL, NULL, NULL, NULL, NULL),
(18, 2, 'weekday', '17740', '2016-06-22 04:32:59', '2016-08-31 19:32:59', '2016-09-02 21:32:59', NULL, 373, 233, 190, 202, 218, 223, 307, 527, 945, 935, 1038, 993, 1089, 988, 1034, 1102, 1253, 1222, 1025, 929, 885, 808, 684, 537, NULL, NULL, NULL, NULL, NULL, NULL, NULL, NULL, NULL, NULL, NULL, NULL, NULL, NULL, NULL, NULL, NULL, NULL, NULL, NULL, NULL, NULL, NULL, NULL),
(19, 3, 'weekday', '3317', '2016-06-22 04:32:59', '2016-08-31 19:32:59', '2016-09-02 21:32:59', NULL, 95, 63, 45, 47, 43, 63, 57, 64, 187, 181, 171, 160, 174, 197, 194, 190, 174, 200, 199, 196, 168, 162, 137, 150, NULL, NULL, NULL, NULL, NULL, NULL, NULL, NULL, NULL, NULL, NULL, NULL, NULL, NULL, NULL, NULL, NULL, NULL, NULL, NULL, NULL, NULL, NULL, NULL),
(20, 4, 'weekday', '7014', '2016-06-22 04:32:59', '2016-08-31 19:32:59', '2016-09-02 21:32:59', NULL, 55, 40, 46, 49, 51, 54, 86, 169, 407, 559, 674, 719, 606, 598, 645, 590, 478, 317, 170, 170, 177, 154, 115, 85, NULL, NULL, NULL, NULL, NULL, NULL, NULL, NULL, NULL, NULL, NULL, NULL, NULL, NULL, NULL, NULL, NULL, NULL, NULL, NULL, NULL, NULL, NULL, NULL),
(21, 1, 'weekday', '21049', '2016-06-23 04:32:59', '2016-08-31 19:32:59', '2016-09-02 21:32:59', NULL, 470, 256, 211, 292, 302, 287, 391, 665, 927, 1009, 1237, 1328, 1255, 1343, 1372, 1363, 1475, 1268, 1212, 1100, 1210, 860, 687, 529, NULL, NULL, NULL, NULL, NULL, NULL, NULL, NULL, NULL, NULL, NULL, NULL, NULL, NULL, NULL, NULL, NULL, NULL, NULL, NULL, NULL, NULL, NULL, NULL),
(22, 2, 'weekday', '19676', '2016-06-23 04:32:59', '2016-08-31 19:32:59', '2016-09-02 21:32:59', NULL, 523, 279, 245, 242, 214, 223, 293, 556, 918, 1167, 1140, 1153, 1117, 1236, 1175, 1294, 1277, 1197, 1218, 1138, 1019, 836, 686, 530, NULL, NULL, NULL, NULL, NULL, NULL, NULL, NULL, NULL, NULL, NULL, NULL, NULL, NULL, NULL, NULL, NULL, NULL, NULL, NULL, NULL, NULL, NULL, NULL),
(23, 3, 'weekday', '3524', '2016-06-23 04:32:59', '2016-08-31 19:32:59', '2016-09-02 21:32:59', NULL, 106, 80, 79, 79, 71, 67, 67, 104, 155, 171, 178, 230, 215, 222, 235, 197, 182, 196, 193, 156, 161, 143, 119, 118, NULL, NULL, NULL, NULL, NULL, NULL, NULL, NULL, NULL, NULL, NULL, NULL, NULL, NULL, NULL, NULL, NULL, NULL, NULL, NULL, NULL, NULL, NULL, NULL),
(24, 4, 'weekday', '6097', '2016-06-23 04:32:59', '2016-08-31 19:32:59', '2016-09-02 21:43:17', NULL, 282, 450, 156, 295, 183, 84, 184, 166, 282, 210, 460, 476, 295, 282, 352, 482, 456, 450, 184, 166, 409, 325, 334, 183, NULL, NULL, NULL, NULL, NULL, NULL, NULL, NULL, NULL, NULL, NULL, NULL, NULL, NULL, NULL, NULL, NULL, NULL, NULL, NULL, NULL, NULL, NULL, NULL),
(25, 1, 'weekday', '22200', '2016-06-24 04:32:59', '2016-08-31 19:32:59', '2016-09-02 21:43:17', NULL, 282, 450, 156, 295, 183, 84, 184, 166, 282, 210, 460, 476, 295, 282, 352, 482, 456, 450, 184, 166, 409, 325, 334, 183, NULL, NULL, NULL, NULL, NULL, NULL, NULL, NULL, NULL, NULL, NULL, NULL, NULL, NULL, NULL, NULL, NULL, NULL, NULL, NULL, NULL, NULL, NULL, NULL),
(26, 2, 'weekend', '19936', '2016-06-24 04:32:59', '2016-08-31 19:32:59', '2016-09-02 21:43:17', NULL, 282, 450, 156, 295, 183, 84, 184, 166, 282, 210, 460, 476, 295, 282, 352, 482, 456, 450, 184, 166, 409, 325, 334, 183, NULL, NULL, NULL, NULL, NULL, NULL, NULL, NULL, NULL, NULL, NULL, NULL, NULL, NULL, NULL, NULL, NULL, NULL, NULL, NULL, NULL, NULL, NULL, NULL),
(27, 3, 'weekend', '3648', '2016-06-24 04:32:59', '2016-08-31 19:32:59', '2016-09-02 21:43:17', NULL, 282, 450, 156, 295, 183, 84, 184, 166, 282, 210, 460, 476, 295, 282, 352, 482, 456, 450, 184, 166, 409, 325, 334, 183, NULL, NULL, NULL, NULL, NULL, NULL, NULL, NULL, NULL, NULL, NULL, NULL, NULL, NULL, NULL, NULL, NULL, NULL, NULL, NULL, NULL, NULL, NULL, NULL),
(28, 4, 'weekend', '6214', '2016-06-24 04:32:59', '2016-08-31 19:32:59', '2016-09-02 21:43:17', NULL, 282, 450, 156, 295, 183, 84, 184, 166, 282, 210, 460, 476, 295, 282, 352, 482, 456, 450, 184, 166, 409, 325, 334, 183, NULL, NULL, NULL, NULL, NULL, NULL, NULL, NULL, NULL, NULL, NULL, NULL, NULL, NULL, NULL, NULL, NULL, NULL, NULL, NULL, NULL, NULL, NULL, NULL),
(29, 1, 'weekend', '20435', '2016-06-25 04:32:59', '2016-08-31 19:32:59', '2016-09-02 21:43:17', NULL, 282, 450, 156, 295, 183, 84, 184, 166, 282, 210, 460, 476, 295, 282, 352, 482, 456, 450, 184, 166, 409, 325, 334, 183, NULL, NULL, NULL, NULL, NULL, NULL, NULL, NULL, NULL, NULL, NULL, NULL, NULL, NULL, NULL, NULL, NULL, NULL, NULL, NULL, NULL, NULL, NULL, NULL),
(30, 2, 'weekend', '15073', '2016-06-25 04:32:59', '2016-08-31 19:32:59', '2016-09-02 21:43:17', NULL, 282, 450, 156, 295, 183, 84, 184, 166, 282, 210, 460, 476, 295, 282, 352, 482, 456, 450, 184, 166, 409, 325, 334, 183, NULL, NULL, NULL, NULL, NULL, NULL, NULL, NULL, NULL, NULL, NULL, NULL, NULL, NULL, NULL, NULL, NULL, NULL, NULL, NULL, NULL, NULL, NULL, NULL),
(31, 3, 'weekend', '5183', '2016-06-25 04:32:59', '2016-08-31 19:32:59', '2016-09-02 21:43:17', NULL, 282, 450, 156, 295, 183, 84, 184, 166, 282, 210, 460, 476, 295, 282, 352, 482, 456, 450, 184, 166, 409, 325, 334, 183, NULL, NULL, NULL, NULL, NULL, NULL, NULL, NULL, NULL, NULL, NULL, NULL, NULL, NULL, NULL, NULL, NULL, NULL, NULL, NULL, NULL, NULL, NULL, NULL),
(32, 4, 'weekend', '4156', '2016-06-25 04:32:59', '2016-08-31 19:32:59', '2016-09-02 21:43:17', NULL, 282, 450, 156, 295, 183, 84, 184, 166, 282, 210, 460, 476, 295, 282, 352, 482, 456, 450, 184, 166, 409, 325, 334, 183, NULL, NULL, NULL, NULL, NULL, NULL, NULL, NULL, NULL, NULL, NULL, NULL, NULL, NULL, NULL, NULL, NULL, NULL, NULL, NULL, NULL, NULL, NULL, NULL),
(33, 1, 'weekend', '20588', '2016-06-26 04:32:59', '2016-08-31 19:32:59', '2016-09-02 21:43:17', NULL, 282, 450, 156, 295, 183, 84, 184, 166, 282, 210, 460, 476, 295, 282, 352, 482, 456, 450, 184, 166, 409, 325, 334, 183, NULL, NULL, NULL, NULL, NULL, NULL, NULL, NULL, NULL, NULL, NULL, NULL, NULL, NULL, NULL, NULL, NULL, NULL, NULL, NULL, NULL, NULL, NULL, NULL),
(34, 2, 'weekend', '13159', '2016-06-26 04:32:59', '2016-08-31 19:32:59', '2016-09-02 21:43:17', NULL, 282, 450, 156, 295, 183, 84, 184, 166, 282, 210, 460, 476, 295, 282, 352, 482, 456, 450, 184, 166, 409, 325, 334, 183, NULL, NULL, NULL, NULL, NULL, NULL, NULL, NULL, NULL, NULL, NULL, NULL, NULL, NULL, NULL, NULL, NULL, NULL, NULL, NULL, NULL, NULL, NULL, NULL),
(35, 3, 'weekend', '5083', '2016-06-26 04:32:59', '2016-08-31 19:32:59', '2016-09-02 21:43:17', NULL, 282, 450, 156, 295, 183, 84, 184, 166, 282, 210, 460, 476, 295, 282, 352, 482, 456, 450, 184, 166, 409, 325, 334, 183, NULL, NULL, NULL, NULL, NULL, NULL, NULL, NULL, NULL, NULL, NULL, NULL, NULL, NULL, NULL, NULL, NULL, NULL, NULL, NULL, NULL, NULL, NULL, NULL),
(36, 4, 'weekend', '3630', '2016-06-26 04:32:59', '2016-08-31 19:32:59', '2016-09-02 21:43:17', NULL, 282, 450, 156, 295, 183, 84, 184, 166, 282, 210, 460, 476, 295, 282, 352, 482, 456, 450, 184, 166, 409, 325, 334, 183, NULL, NULL, NULL, NULL, NULL, NULL, NULL, NULL, NULL, NULL, NULL, NULL, NULL, NULL, NULL, NULL, NULL, NULL, NULL, NULL, NULL, NULL, NULL, NULL),
(37, 1, 'weekend', '21541', '2016-06-27 04:32:59', '2016-08-31 19:32:59', '2016-09-02 21:43:17', NULL, 282, 450, 156, 295, 183, 84, 184, 166, 282, 210, 460, 476, 295, 282, 352, 482, 456, 450, 184, 166, 409, 325, 334, 183, NULL, NULL, NULL, NULL, NULL, NULL, NULL, NULL, NULL, NULL, NULL, NULL, NULL, NULL, NULL, NULL, NULL, NULL, NULL, NULL, NULL, NULL, NULL, NULL),
(38, 2, 'weekend', '19562', '2016-06-27 04:32:59', '2016-08-31 19:32:59', '2016-09-02 21:43:17', NULL, 282, 450, 156, 295, 183, 84, 184, 166, 282, 210, 460, 476, 295, 282, 352, 482, 456, 450, 184, 166, 409, 325, 334, 183, NULL, NULL, NULL, NULL, NULL, NULL, NULL, NULL, NULL, NULL, NULL, NULL, NULL, NULL, NULL, NULL, NULL, NULL, NULL, NULL, NULL, NULL, NULL, NULL),
(39, 3, 'weekend', '6845', '2016-06-27 04:32:59', '2016-08-31 19:32:59', '2016-09-02 21:43:17', NULL, 282, 450, 156, 295, 183, 84, 184, 166, 282, 210, 460, 476, 295, 282, 352, 482, 456, 450, 184, 166, 409, 325, 334, 183, NULL, NULL, NULL, NULL, NULL, NULL, NULL, NULL, NULL, NULL, NULL, NULL, NULL, NULL, NULL, NULL, NULL, NULL, NULL, NULL, NULL, NULL, NULL, NULL),
(40, 4, 'weekend', '6488', '2016-06-27 04:32:59', '2016-08-31 19:32:59', '2016-09-02 21:43:17', NULL, 282, 450, 156, 295, 183, 84, 184, 166, 282, 210, 460, 476, 295, 282, 352, 482, 456, 450, 184, 166, 409, 325, 334, 183, NULL, NULL, NULL, NULL, NULL, NULL, NULL, NULL, NULL, NULL, NULL, NULL, NULL, NULL, NULL, NULL, NULL, NULL, NULL, NULL, NULL, NULL, NULL, NULL),
(41, 1, 'weekend', '21216', '2016-06-28 04:32:59', '2016-08-31 19:32:59', '2016-09-02 21:43:17', NULL, 282, 450, 156, 295, 183, 84, 184, 166, 282, 210, 460, 476, 295, 282, 352, 482, 456, 450, 184, 166, 409, 325, 334, 183, NULL, NULL, NULL, NULL, NULL, NULL, NULL, NULL, NULL, NULL, NULL, NULL, NULL, NULL, NULL, NULL, NULL, NULL, NULL, NULL, NULL, NULL, NULL, NULL),
(42, 2, 'weekend', '19589', '2016-06-28 04:32:59', '2016-08-31 19:32:59', '2016-09-02 21:43:17', NULL, 282, 450, 156, 295, 183, 84, 184, 166, 282, 210, 460, 476, 295, 282, 352, 482, 456, 450, 184, 166, 409, 325, 334, 183, NULL, NULL, NULL, NULL, NULL, NULL, NULL, NULL, NULL, NULL, NULL, NULL, NULL, NULL, NULL, NULL, NULL, NULL, NULL, NULL, NULL, NULL, NULL, NULL),
(43, 3, 'weekend', '7642', '2016-06-28 04:32:59', '2016-08-31 19:32:59', '2016-09-02 21:43:17', NULL, 282, 450, 156, 295, 183, 84, 184, 166, 282, 210, 460, 476, 295, 282, 352, 482, 456, 450, 184, 166, 409, 325, 334, 183, NULL, NULL, NULL, NULL, NULL, NULL, NULL, NULL, NULL, NULL, NULL, NULL, NULL, NULL, NULL, NULL, NULL, NULL, NULL, NULL, NULL, NULL, NULL, NULL),
(44, 4, 'weekend', '5561', '2016-06-28 04:32:59', '2016-08-31 19:32:59', '2016-09-02 21:43:17', NULL, 282, 450, 156, 295, 183, 84, 184, 166, 282, 210, 460, 476, 295, 282, 352, 482, 456, 450, 184, 166, 409, 325, 334, 183, NULL, NULL, NULL, NULL, NULL, NULL, NULL, NULL, NULL, NULL, NULL, NULL, NULL, NULL, NULL, NULL, NULL, NULL, NULL, NULL, NULL, NULL, NULL, NULL),
(45, 1, 'weekend', '22252', '2016-06-29 04:43:17', '2016-08-31 19:32:59', '2016-09-02 21:43:17', NULL, 282, 450, 156, 295, 183, 84, 184, 166, 282, 210, 460, 476, 295, 282, 352, 482, 456, 450, 184, 166, 409, 325, 334, 183, NULL, NULL, NULL, NULL, NULL, NULL, NULL, NULL, NULL, NULL, NULL, NULL, NULL, NULL, NULL, NULL, NULL, NULL, NULL, NULL, NULL, NULL, NULL, NULL),
(46, 2, 'weekend', '20034', '2016-06-29 04:43:17', '2016-08-31 19:32:59', '2016-09-02 21:43:17', NULL, 282, 450, 156, 295, 183, 84, 184, 166, 282, 210, 460, 476, 295, 282, 352, 482, 456, 450, 184, 166, 409, 325, 334, 183, NULL, NULL, NULL, NULL, NULL, NULL, NULL, NULL, NULL, NULL, NULL, NULL, NULL, NULL, NULL, NULL, NULL, NULL, NULL, NULL, NULL, NULL, NULL, NULL),
(47, 3, 'weekend', '7713', '2016-06-29 04:43:17', '2016-08-31 19:32:59', '2016-09-02 21:43:17', NULL, 282, 450, 156, 295, 183, 84, 184, 166, 282, 210, 460, 476, 295, 282, 352, 482, 456, 450, 184, 166, 409, 325, 334, 183, NULL, NULL, NULL, NULL, NULL, NULL, NULL, NULL, NULL, NULL, NULL, NULL, NULL, NULL, NULL, NULL, NULL, NULL, NULL, NULL, NULL, NULL, NULL, NULL),
(48, 4, 'weekend', '5483', '2016-06-29 04:43:17', '2016-08-31 19:32:59', '2016-09-02 21:43:17', NULL, 282, 450, 156, 295, 183, 84, 184, 166, 282, 210, 460, 476, 295, 282, 352, 482, 456, 450, 184, 166, 409, 325, 334, 183, NULL, NULL, NULL, NULL, NULL, NULL, NULL, NULL, NULL, NULL, NULL, NULL, NULL, NULL, NULL, NULL, NULL, NULL, NULL, NULL, NULL, NULL, NULL, NULL),
(49, 1, 'weekend', '23327', '2016-06-30 04:43:17', '2016-08-31 19:32:59', '2016-09-02 21:43:17', NULL, 282, 450, 156, 295, 183, 84, 184, 166, 282, 210, 460, 476, 295, 282, 352, 482, 456, 450, 184, 166, 409, 325, 334, 183, NULL, NULL, NULL, NULL, NULL, NULL, NULL, NULL, NULL, NULL, NULL, NULL, NULL, NULL, NULL, NULL, NULL, NULL, NULL, NULL, NULL, NULL, NULL, NULL),
(50, 2, 'weekend', '19839', '2016-06-30 04:43:17', '2016-08-31 19:32:59', '2016-09-02 21:43:17', NULL, 282, 450, 156, 295, 183, 84, 184, 166, 282, 210, 460, 476, 295, 282, 352, 482, 456, 450, 184, 166, 409, 325, 334, 183, NULL, NULL, NULL, NULL, NULL, NULL, NULL, NULL, NULL, NULL, NULL, NULL, NULL, NULL, NULL, NULL, NULL, NULL, NULL, NULL, NULL, NULL, NULL, NULL),
(51, 3, 'weekend', '7505', '2016-06-30 04:43:17', '2016-08-31 19:32:59', '2016-09-02 21:43:17', NULL, 282, 450, 156, 295, 183, 84, 184, 166, 282, 210, 460, 476, 295, 282, 352, 482, 456, 450, 184, 166, 409, 325, 334, 183, NULL, NULL, NULL, NULL, NULL, NULL, NULL, NULL, NULL, NULL, NULL, NULL, NULL, NULL, NULL, NULL, NULL, NULL, NULL, NULL, NULL, NULL, NULL, NULL),
(52, 4, 'weekend', '5802', '2016-06-30 04:43:17', '2016-08-31 19:32:59', '2016-09-02 21:43:17', NULL, 282, 450, 156, 295, 183, 84, 184, 166, 282, 210, 460, 476, 295, 282, 352, 482, 456, 450, 184, 166, 409, 325, 334, 183, NULL, NULL, NULL, NULL, NULL, NULL, NULL, NULL, NULL, NULL, NULL, NULL, NULL, NULL, NULL, NULL, NULL, NULL, NULL, NULL, NULL, NULL, NULL, NULL),
(53, 1, 'weekend', '21920', '2016-07-01 04:43:17', '2016-08-31 19:32:59', '2016-09-02 21:43:17', NULL, 282, 450, 156, 295, 183, 84, 184, 166, 282, 210, 460, 476, 295, 282, 352, 482, 456, 450, 184, 166, 409, 325, 334, 183, NULL, NULL, NULL, NULL, NULL, NULL, NULL, NULL, NULL, NULL, NULL, NULL, NULL, NULL, NULL, NULL, NULL, NULL, NULL, NULL, NULL, NULL, NULL, NULL),
(54, 2, 'weekend', '15694', '2016-07-01 04:43:17', '2016-08-31 19:32:59', '2016-09-02 21:43:17', NULL, 282, 450, 156, 295, 183, 84, 184, 166, 282, 210, 460, 476, 295, 282, 352, 482, 456, 450, 184, 166, 409, 325, 334, 183, NULL, NULL, NULL, NULL, NULL, NULL, NULL, NULL, NULL, NULL, NULL, NULL, NULL, NULL, NULL, NULL, NULL, NULL, NULL, NULL, NULL, NULL, NULL, NULL),
(55, 3, 'weekend', '6391', '2016-09-03 05:32:11', '2016-08-31 19:32:59', '2016-09-02 21:43:17', NULL, 282, 450, 156, 295, 183, 84, 184, 166, 282, 210, 460, 476, 295, 282, 352, 482, 456, 450, 184, 166, 409, 325, 334, 183, 123, NULL, NULL, NULL, NULL, NULL, NULL, NULL, NULL, NULL, NULL, NULL, NULL, NULL, NULL, NULL, NULL, NULL, NULL, NULL, NULL, NULL, NULL, NULL),
(56, 4, 'weekend', '5987', '2016-09-03 05:32:08', '2016-08-31 19:32:59', '2016-09-02 21:43:17', NULL, 282, 450, 156, 295, 183, 84, 184, 166, 282, 210, 460, 476, 295, 282, 352, 482, 456, 450, 184, 166, 409, 325, 334, 183, 127, NULL, NULL, NULL, NULL, NULL, NULL, NULL, NULL, NULL, NULL, NULL, NULL, NULL, NULL, NULL, NULL, NULL, NULL, NULL, NULL, NULL, NULL, NULL),
(57, 1, 'weekday', '18637', '2016-06-17 17:00:00', '2016-09-04 00:39:41', '2016-09-04 00:39:41', NULL, NULL, NULL, NULL, NULL, NULL, NULL, NULL, NULL, NULL, NULL, NULL, NULL, NULL, NULL, NULL, NULL, NULL, NULL, NULL, NULL, NULL, NULL, NULL, NULL, NULL, NULL, NULL, NULL, NULL, NULL, NULL, NULL, NULL, NULL, NULL, NULL, NULL, NULL, NULL, NULL, NULL, NULL, NULL, NULL, NULL, NULL, NULL, NULL),
(58, 2, 'weekday', '12463', '2016-06-17 17:00:00', '2016-09-04 00:39:41', '2016-09-04 00:39:41', NULL, NULL, NULL, NULL, NULL, NULL, NULL, NULL, NULL, NULL, NULL, NULL, NULL, NULL, NULL, NULL, NULL, NULL, NULL, NULL, NULL, NULL, NULL, NULL, NULL, NULL, NULL, NULL, NULL, NULL, NULL, NULL, NULL, NULL, NULL, NULL, NULL, NULL, NULL, NULL, NULL, NULL, NULL, NULL, NULL, NULL, NULL, NULL, NULL),
(59, 3, 'weekday', '2737', '2016-06-17 17:00:00', '2016-09-04 00:39:41', '2016-09-04 00:39:41', NULL, NULL, NULL, NULL, NULL, NULL, NULL, NULL, NULL, NULL, NULL, NULL, NULL, NULL, NULL, NULL, NULL, NULL, NULL, NULL, NULL, NULL, NULL, NULL, NULL, NULL, NULL, NULL, NULL, NULL, NULL, NULL, NULL, NULL, NULL, NULL, NULL, NULL, NULL, NULL, NULL, NULL, NULL, NULL, NULL, NULL, NULL, NULL, NULL),
(60, 4, 'weekday', '4104', '2016-06-17 17:00:00', '2016-09-04 00:39:41', '2016-09-04 00:39:41', NULL, NULL, NULL, NULL, NULL, NULL, NULL, NULL, NULL, NULL, NULL, NULL, NULL, NULL, NULL, NULL, NULL, NULL, NULL, NULL, NULL, NULL, NULL, NULL, NULL, NULL, NULL, NULL, NULL, NULL, NULL, NULL, NULL, NULL, NULL, NULL, NULL, NULL, NULL, NULL, NULL, NULL, NULL, NULL, NULL, NULL, NULL, NULL, NULL),
(61, 1, 'weekday', '21955', '2016-06-18 17:00:00', '2016-09-04 00:39:41', '2016-09-04 00:39:41', NULL, NULL, NULL, NULL, NULL, NULL, NULL, NULL, NULL, NULL, NULL, NULL, NULL, NULL, NULL, NULL, NULL, NULL, NULL, NULL, NULL, NULL, NULL, NULL, NULL, NULL, NULL, NULL, NULL, NULL, NULL, NULL, NULL, NULL, NULL, NULL, NULL, NULL, NULL, NULL, NULL, NULL, NULL, NULL, NULL, NULL, NULL, NULL, NULL),
(62, 2, 'weekday', '13370', '2016-06-18 17:00:00', '2016-09-04 00:39:41', '2016-09-04 00:39:41', NULL, NULL, NULL, NULL, NULL, NULL, NULL, NULL, NULL, NULL, NULL, NULL, NULL, NULL, NULL, NULL, NULL, NULL, NULL, NULL, NULL, NULL, NULL, NULL, NULL, NULL, NULL, NULL, NULL, NULL, NULL, NULL, NULL, NULL, NULL, NULL, NULL, NULL, NULL, NULL, NULL, NULL, NULL, NULL, NULL, NULL, NULL, NULL, NULL),
(63, 3, 'weekday', '4023', '2016-06-18 17:00:00', '2016-09-04 00:39:41', '2016-09-04 00:39:41', NULL, NULL, NULL, NULL, NULL, NULL, NULL, NULL, NULL, NULL, NULL, NULL, NULL, NULL, NULL, NULL, NULL, NULL, NULL, NULL, NULL, NULL, NULL, NULL, NULL, NULL, NULL, NULL, NULL, NULL, NULL, NULL, NULL, NULL, NULL, NULL, NULL, NULL, NULL, NULL, NULL, NULL, NULL, NULL, NULL, NULL, NULL, NULL, NULL),
(64, 4, 'weekday', '4717', '2016-06-18 17:00:00', '2016-09-04 00:39:41', '2016-09-04 00:39:41', NULL, NULL, NULL, NULL, NULL, NULL, NULL, NULL, NULL, NULL, NULL, NULL, NULL, NULL, NULL, NULL, NULL, NULL, NULL, NULL, NULL, NULL, NULL, NULL, NULL, NULL, NULL, NULL, NULL, NULL, NULL, NULL, NULL, NULL, NULL, NULL, NULL, NULL, NULL, NULL, NULL, NULL, NULL, NULL, NULL, NULL, NULL, NULL, NULL),
(65, 1, 'weekday', '20093', '2016-06-19 17:00:00', '2016-09-04 00:39:41', '2016-09-04 00:39:41', NULL, NULL, NULL, NULL, NULL, NULL, NULL, NULL, NULL, NULL, NULL, NULL, NULL, NULL, NULL, NULL, NULL, NULL, NULL, NULL, NULL, NULL, NULL, NULL, NULL, NULL, NULL, NULL, NULL, NULL, NULL, NULL, NULL, NULL, NULL, NULL, NULL, NULL, NULL, NULL, NULL, NULL, NULL, NULL, NULL, NULL, NULL, NULL, NULL),
(66, 2, 'weekday', '18797', '2016-06-19 17:00:00', '2016-09-04 00:39:41', '2016-09-04 00:39:41', NULL, NULL, NULL, NULL, NULL, NULL, NULL, NULL, NULL, NULL, NULL, NULL, NULL, NULL, NULL, NULL, NULL, NULL, NULL, NULL, NULL, NULL, NULL, NULL, NULL, NULL, NULL, NULL, NULL, NULL, NULL, NULL, NULL, NULL, NULL, NULL, NULL, NULL, NULL, NULL, NULL, NULL, NULL, NULL, NULL, NULL, NULL, NULL, NULL),
(67, 3, 'weekday', '3447', '2016-06-19 17:00:00', '2016-09-04 00:39:41', '2016-09-04 00:39:41', NULL, NULL, NULL, NULL, NULL, NULL, NULL, NULL, NULL, NULL, NULL, NULL, NULL, NULL, NULL, NULL, NULL, NULL, NULL, NULL, NULL, NULL, NULL, NULL, NULL, NULL, NULL, NULL, NULL, NULL, NULL, NULL, NULL, NULL, NULL, NULL, NULL, NULL, NULL, NULL, NULL, NULL, NULL, NULL, NULL, NULL, NULL, NULL, NULL),
(68, 4, 'weekday', '5776', '2016-06-19 17:00:00', '2016-09-04 00:39:41', '2016-09-04 00:39:41', NULL, NULL, NULL, NULL, NULL, NULL, NULL, NULL, NULL, NULL, NULL, NULL, NULL, NULL, NULL, NULL, NULL, NULL, NULL, NULL, NULL, NULL, NULL, NULL, NULL, NULL, NULL, NULL, NULL, NULL, NULL, NULL, NULL, NULL, NULL, NULL, NULL, NULL, NULL, NULL, NULL, NULL, NULL, NULL, NULL, NULL, NULL, NULL, NULL),
(69, 1, 'weekday', '20949', '2016-06-20 17:00:00', '2016-09-04 00:39:41', '2016-09-04 00:39:41', NULL, NULL, NULL, NULL, NULL, NULL, NULL, NULL, NULL, NULL, NULL, NULL, NULL, NULL, NULL, NULL, NULL, NULL, NULL, NULL, NULL, NULL, NULL, NULL, NULL, NULL, NULL, NULL, NULL, NULL, NULL, NULL, NULL, NULL, NULL, NULL, NULL, NULL, NULL, NULL, NULL, NULL, NULL, NULL, NULL, NULL, NULL, NULL, NULL),
(70, 2, 'weekday', '20000', '2016-06-20 17:00:00', '2016-09-04 00:39:41', '2016-09-04 00:39:41', NULL, NULL, NULL, NULL, NULL, NULL, NULL, NULL, NULL, NULL, NULL, NULL, NULL, NULL, NULL, NULL, NULL, NULL, NULL, NULL, NULL, NULL, NULL, NULL, NULL, NULL, NULL, NULL, NULL, NULL, NULL, NULL, NULL, NULL, NULL, NULL, NULL, NULL, NULL, NULL, NULL, NULL, NULL, NULL, NULL, NULL, NULL, NULL, NULL),
(71, 3, 'weekday', '3395', '2016-06-20 17:00:00', '2016-09-04 00:39:41', '2016-09-04 00:39:41', NULL, NULL, NULL, NULL, NULL, NULL, NULL, NULL, NULL, NULL, NULL, NULL, NULL, NULL, NULL, NULL, NULL, NULL, NULL, NULL, NULL, NULL, NULL, NULL, NULL, NULL, NULL, NULL, NULL, NULL, NULL, NULL, NULL, NULL, NULL, NULL, NULL, NULL, NULL, NULL, NULL, NULL, NULL, NULL, NULL, NULL, NULL, NULL, NULL),
(72, 4, 'weekday', '5400', '2016-06-20 17:00:00', '2016-09-04 00:39:41', '2016-09-04 00:39:41', NULL, NULL, NULL, NULL, NULL, NULL, NULL, NULL, NULL, NULL, NULL, NULL, NULL, NULL, NULL, NULL, NULL, NULL, NULL, NULL, NULL, NULL, NULL, NULL, NULL, NULL, NULL, NULL, NULL, NULL, NULL, NULL, NULL, NULL, NULL, NULL, NULL, NULL, NULL, NULL, NULL, NULL, NULL, NULL, NULL, NULL, NULL, NULL, NULL),
(73, 1, 'weekday', '21293', '2016-06-21 17:00:00', '2016-09-04 00:39:41', '2016-09-04 00:39:41', NULL, NULL, NULL, NULL, NULL, NULL, NULL, NULL, NULL, NULL, NULL, NULL, NULL, NULL, NULL, NULL, NULL, NULL, NULL, NULL, NULL, NULL, NULL, NULL, NULL, NULL, NULL, NULL, NULL, NULL, NULL, NULL, NULL, NULL, NULL, NULL, NULL, NULL, NULL, NULL, NULL, NULL, NULL, NULL, NULL, NULL, NULL, NULL, NULL),
(74, 2, 'weekday', '17740', '2016-06-21 17:00:00', '2016-09-04 00:39:41', '2016-09-04 00:39:41', NULL, NULL, NULL, NULL, NULL, NULL, NULL, NULL, NULL, NULL, NULL, NULL, NULL, NULL, NULL, NULL, NULL, NULL, NULL, NULL, NULL, NULL, NULL, NULL, NULL, NULL, NULL, NULL, NULL, NULL, NULL, NULL, NULL, NULL, NULL, NULL, NULL, NULL, NULL, NULL, NULL, NULL, NULL, NULL, NULL, NULL, NULL, NULL, NULL),
(75, 3, 'weekday', '3317', '2016-06-21 17:00:00', '2016-09-04 00:39:41', '2016-09-04 00:39:41', NULL, NULL, NULL, NULL, NULL, NULL, NULL, NULL, NULL, NULL, NULL, NULL, NULL, NULL, NULL, NULL, NULL, NULL, NULL, NULL, NULL, NULL, NULL, NULL, NULL, NULL, NULL, NULL, NULL, NULL, NULL, NULL, NULL, NULL, NULL, NULL, NULL, NULL, NULL, NULL, NULL, NULL, NULL, NULL, NULL, NULL, NULL, NULL, NULL),
(76, 4, 'weekday', '7014', '2016-06-21 17:00:00', '2016-09-04 00:39:41', '2016-09-04 00:39:41', NULL, NULL, NULL, NULL, NULL, NULL, NULL, NULL, NULL, NULL, NULL, NULL, NULL, NULL, NULL, NULL, NULL, NULL, NULL, NULL, NULL, NULL, NULL, NULL, NULL, NULL, NULL, NULL, NULL, NULL, NULL, NULL, NULL, NULL, NULL, NULL, NULL, NULL, NULL, NULL, NULL, NULL, NULL, NULL, NULL, NULL, NULL, NULL, NULL),
(77, 1, 'weekday', '21049', '2016-06-22 17:00:00', '2016-09-04 00:39:41', '2016-09-04 00:39:41', NULL, NULL, NULL, NULL, NULL, NULL, NULL, NULL, NULL, NULL, NULL, NULL, NULL, NULL, NULL, NULL, NULL, NULL, NULL, NULL, NULL, NULL, NULL, NULL, NULL, NULL, NULL, NULL, NULL, NULL, NULL, NULL, NULL, NULL, NULL, NULL, NULL, NULL, NULL, NULL, NULL, NULL, NULL, NULL, NULL, NULL, NULL, NULL, NULL),
(78, 2, 'weekday', '19676', '2016-06-22 17:00:00', '2016-09-04 00:39:41', '2016-09-04 00:39:41', NULL, NULL, NULL, NULL, NULL, NULL, NULL, NULL, NULL, NULL, NULL, NULL, NULL, NULL, NULL, NULL, NULL, NULL, NULL, NULL, NULL, NULL, NULL, NULL, NULL, NULL, NULL, NULL, NULL, NULL, NULL, NULL, NULL, NULL, NULL, NULL, NULL, NULL, NULL, NULL, NULL, NULL, NULL, NULL, NULL, NULL, NULL, NULL, NULL),
(79, 3, 'weekday', '3524', '2016-06-22 17:00:00', '2016-09-04 00:39:41', '2016-09-04 00:39:41', NULL, NULL, NULL, NULL, NULL, NULL, NULL, NULL, NULL, NULL, NULL, NULL, NULL, NULL, NULL, NULL, NULL, NULL, NULL, NULL, NULL, NULL, NULL, NULL, NULL, NULL, NULL, NULL, NULL, NULL, NULL, NULL, NULL, NULL, NULL, NULL, NULL, NULL, NULL, NULL, NULL, NULL, NULL, NULL, NULL, NULL, NULL, NULL, NULL),
(80, 4, 'weekday', '6097', '2016-06-22 17:00:00', '2016-09-04 00:39:41', '2016-09-04 00:39:41', NULL, NULL, NULL, NULL, NULL, NULL, NULL, NULL, NULL, NULL, NULL, NULL, NULL, NULL, NULL, NULL, NULL, NULL, NULL, NULL, NULL, NULL, NULL, NULL, NULL, NULL, NULL, NULL, NULL, NULL, NULL, NULL, NULL, NULL, NULL, NULL, NULL, NULL, NULL, NULL, NULL, NULL, NULL, NULL, NULL, NULL, NULL, NULL, NULL),
(81, 1, 'weekday', '22200', '2016-06-23 17:00:00', '2016-09-04 00:39:41', '2016-09-04 00:39:41', NULL, NULL, NULL, NULL, NULL, NULL, NULL, NULL, NULL, NULL, NULL, NULL, NULL, NULL, NULL, NULL, NULL, NULL, NULL, NULL, NULL, NULL, NULL, NULL, NULL, NULL, NULL, NULL, NULL, NULL, NULL, NULL, NULL, NULL, NULL, NULL, NULL, NULL, NULL, NULL, NULL, NULL, NULL, NULL, NULL, NULL, NULL, NULL, NULL),
(82, 2, 'weekday', '19936', '2016-06-23 17:00:00', '2016-09-04 00:39:41', '2016-09-04 00:39:41', NULL, NULL, NULL, NULL, NULL, NULL, NULL, NULL, NULL, NULL, NULL, NULL, NULL, NULL, NULL, NULL, NULL, NULL, NULL, NULL, NULL, NULL, NULL, NULL, NULL, NULL, NULL, NULL, NULL, NULL, NULL, NULL, NULL, NULL, NULL, NULL, NULL, NULL, NULL, NULL, NULL, NULL, NULL, NULL, NULL, NULL, NULL, NULL, NULL),
(83, 3, 'weekday', '3648', '2016-06-23 17:00:00', '2016-09-04 00:39:41', '2016-09-04 00:39:41', NULL, NULL, NULL, NULL, NULL, NULL, NULL, NULL, NULL, NULL, NULL, NULL, NULL, NULL, NULL, NULL, NULL, NULL, NULL, NULL, NULL, NULL, NULL, NULL, NULL, NULL, NULL, NULL, NULL, NULL, NULL, NULL, NULL, NULL, NULL, NULL, NULL, NULL, NULL, NULL, NULL, NULL, NULL, NULL, NULL, NULL, NULL, NULL, NULL),
(84, 4, 'weekday', '6214', '2016-06-23 17:00:00', '2016-09-04 00:39:41', '2016-09-04 00:39:41', NULL, NULL, NULL, NULL, NULL, NULL, NULL, NULL, NULL, NULL, NULL, NULL, NULL, NULL, NULL, NULL, NULL, NULL, NULL, NULL, NULL, NULL, NULL, NULL, NULL, NULL, NULL, NULL, NULL, NULL, NULL, NULL, NULL, NULL, NULL, NULL, NULL, NULL, NULL, NULL, NULL, NULL, NULL, NULL, NULL, NULL, NULL, NULL, NULL),
(85, 1, 'weekday', '20435', '2016-06-24 17:00:00', '2016-09-04 00:39:41', '2016-09-04 00:39:41', NULL, NULL, NULL, NULL, NULL, NULL, NULL, NULL, NULL, NULL, NULL, NULL, NULL, NULL, NULL, NULL, NULL, NULL, NULL, NULL, NULL, NULL, NULL, NULL, NULL, NULL, NULL, NULL, NULL, NULL, NULL, NULL, NULL, NULL, NULL, NULL, NULL, NULL, NULL, NULL, NULL, NULL, NULL, NULL, NULL, NULL, NULL, NULL, NULL),
(86, 2, 'weekday', '15073', '2016-06-24 17:00:00', '2016-09-04 00:39:41', '2016-09-04 00:39:41', NULL, NULL, NULL, NULL, NULL, NULL, NULL, NULL, NULL, NULL, NULL, NULL, NULL, NULL, NULL, NULL, NULL, NULL, NULL, NULL, NULL, NULL, NULL, NULL, NULL, NULL, NULL, NULL, NULL, NULL, NULL, NULL, NULL, NULL, NULL, NULL, NULL, NULL, NULL, NULL, NULL, NULL, NULL, NULL, NULL, NULL, NULL, NULL, NULL),
(87, 3, 'weekday', '5183', '2016-06-24 17:00:00', '2016-09-04 00:39:41', '2016-09-04 00:39:41', NULL, NULL, NULL, NULL, NULL, NULL, NULL, NULL, NULL, NULL, NULL, NULL, NULL, NULL, NULL, NULL, NULL, NULL, NULL, NULL, NULL, NULL, NULL, NULL, NULL, NULL, NULL, NULL, NULL, NULL, NULL, NULL, NULL, NULL, NULL, NULL, NULL, NULL, NULL, NULL, NULL, NULL, NULL, NULL, NULL, NULL, NULL, NULL, NULL),
(88, 4, 'weekday', '4156', '2016-06-24 17:00:00', '2016-09-04 00:39:41', '2016-09-04 00:39:41', NULL, NULL, NULL, NULL, NULL, NULL, NULL, NULL, NULL, NULL, NULL, NULL, NULL, NULL, NULL, NULL, NULL, NULL, NULL, NULL, NULL, NULL, NULL, NULL, NULL, NULL, NULL, NULL, NULL, NULL, NULL, NULL, NULL, NULL, NULL, NULL, NULL, NULL, NULL, NULL, NULL, NULL, NULL, NULL, NULL, NULL, NULL, NULL, NULL),
(89, 1, 'weekday', '20588', '2016-06-25 17:00:00', '2016-09-04 00:39:41', '2016-09-04 00:39:41', NULL, NULL, NULL, NULL, NULL, NULL, NULL, NULL, NULL, NULL, NULL, NULL, NULL, NULL, NULL, NULL, NULL, NULL, NULL, NULL, NULL, NULL, NULL, NULL, NULL, NULL, NULL, NULL, NULL, NULL, NULL, NULL, NULL, NULL, NULL, NULL, NULL, NULL, NULL, NULL, NULL, NULL, NULL, NULL, NULL, NULL, NULL, NULL, NULL),
(90, 2, 'weekday', '13159', '2016-06-25 17:00:00', '2016-09-04 00:39:41', '2016-09-04 00:39:41', NULL, NULL, NULL, NULL, NULL, NULL, NULL, NULL, NULL, NULL, NULL, NULL, NULL, NULL, NULL, NULL, NULL, NULL, NULL, NULL, NULL, NULL, NULL, NULL, NULL, NULL, NULL, NULL, NULL, NULL, NULL, NULL, NULL, NULL, NULL, NULL, NULL, NULL, NULL, NULL, NULL, NULL, NULL, NULL, NULL, NULL, NULL, NULL, NULL),
(91, 3, 'weekday', '5083', '2016-06-25 17:00:00', '2016-09-04 00:39:41', '2016-09-04 00:39:41', NULL, NULL, NULL, NULL, NULL, NULL, NULL, NULL, NULL, NULL, NULL, NULL, NULL, NULL, NULL, NULL, NULL, NULL, NULL, NULL, NULL, NULL, NULL, NULL, NULL, NULL, NULL, NULL, NULL, NULL, NULL, NULL, NULL, NULL, NULL, NULL, NULL, NULL, NULL, NULL, NULL, NULL, NULL, NULL, NULL, NULL, NULL, NULL, NULL),
(92, 4, 'weekday', '3630', '2016-06-25 17:00:00', '2016-09-04 00:39:41', '2016-09-04 00:39:41', NULL, NULL, NULL, NULL, NULL, NULL, NULL, NULL, NULL, NULL, NULL, NULL, NULL, NULL, NULL, NULL, NULL, NULL, NULL, NULL, NULL, NULL, NULL, NULL, NULL, NULL, NULL, NULL, NULL, NULL, NULL, NULL, NULL, NULL, NULL, NULL, NULL, NULL, NULL, NULL, NULL, NULL, NULL, NULL, NULL, NULL, NULL, NULL, NULL),
(93, 1, 'weekday', '21541', '2016-06-26 17:00:00', '2016-09-04 00:39:41', '2016-09-04 00:39:41', NULL, NULL, NULL, NULL, NULL, NULL, NULL, NULL, NULL, NULL, NULL, NULL, NULL, NULL, NULL, NULL, NULL, NULL, NULL, NULL, NULL, NULL, NULL, NULL, NULL, NULL, NULL, NULL, NULL, NULL, NULL, NULL, NULL, NULL, NULL, NULL, NULL, NULL, NULL, NULL, NULL, NULL, NULL, NULL, NULL, NULL, NULL, NULL, NULL),
(94, 2, 'weekday', '19562', '2016-06-26 17:00:00', '2016-09-04 00:39:41', '2016-09-04 00:39:41', NULL, NULL, NULL, NULL, NULL, NULL, NULL, NULL, NULL, NULL, NULL, NULL, NULL, NULL, NULL, NULL, NULL, NULL, NULL, NULL, NULL, NULL, NULL, NULL, NULL, NULL, NULL, NULL, NULL, NULL, NULL, NULL, NULL, NULL, NULL, NULL, NULL, NULL, NULL, NULL, NULL, NULL, NULL, NULL, NULL, NULL, NULL, NULL, NULL),
(95, 3, 'weekday', '6845', '2016-06-26 17:00:00', '2016-09-04 00:39:41', '2016-09-04 00:39:41', NULL, NULL, NULL, NULL, NULL, NULL, NULL, NULL, NULL, NULL, NULL, NULL, NULL, NULL, NULL, NULL, NULL, NULL, NULL, NULL, NULL, NULL, NULL, NULL, NULL, NULL, NULL, NULL, NULL, NULL, NULL, NULL, NULL, NULL, NULL, NULL, NULL, NULL, NULL, NULL, NULL, NULL, NULL, NULL, NULL, NULL, NULL, NULL, NULL),
(96, 4, 'weekday', '6488', '2016-06-26 17:00:00', '2016-09-04 00:39:41', '2016-09-04 00:39:41', NULL, NULL, NULL, NULL, NULL, NULL, NULL, NULL, NULL, NULL, NULL, NULL, NULL, NULL, NULL, NULL, NULL, NULL, NULL, NULL, NULL, NULL, NULL, NULL, NULL, NULL, NULL, NULL, NULL, NULL, NULL, NULL, NULL, NULL, NULL, NULL, NULL, NULL, NULL, NULL, NULL, NULL, NULL, NULL, NULL, NULL, NULL, NULL, NULL),
(97, 1, 'weekday', '21216', '2016-06-27 17:00:00', '2016-09-04 00:39:41', '2016-09-04 00:39:41', NULL, NULL, NULL, NULL, NULL, NULL, NULL, NULL, NULL, NULL, NULL, NULL, NULL, NULL, NULL, NULL, NULL, NULL, NULL, NULL, NULL, NULL, NULL, NULL, NULL, NULL, NULL, NULL, NULL, NULL, NULL, NULL, NULL, NULL, NULL, NULL, NULL, NULL, NULL, NULL, NULL, NULL, NULL, NULL, NULL, NULL, NULL, NULL, NULL),
(98, 2, 'weekday', '19589', '2016-06-27 17:00:00', '2016-09-04 00:39:41', '2016-09-04 00:39:41', NULL, NULL, NULL, NULL, NULL, NULL, NULL, NULL, NULL, NULL, NULL, NULL, NULL, NULL, NULL, NULL, NULL, NULL, NULL, NULL, NULL, NULL, NULL, NULL, NULL, NULL, NULL, NULL, NULL, NULL, NULL, NULL, NULL, NULL, NULL, NULL, NULL, NULL, NULL, NULL, NULL, NULL, NULL, NULL, NULL, NULL, NULL, NULL, NULL),
(99, 3, 'weekday', '7642', '2016-06-27 17:00:00', '2016-09-04 00:39:41', '2016-09-04 00:39:41', NULL, NULL, NULL, NULL, NULL, NULL, NULL, NULL, NULL, NULL, NULL, NULL, NULL, NULL, NULL, NULL, NULL, NULL, NULL, NULL, NULL, NULL, NULL, NULL, NULL, NULL, NULL, NULL, NULL, NULL, NULL, NULL, NULL, NULL, NULL, NULL, NULL, NULL, NULL, NULL, NULL, NULL, NULL, NULL, NULL, NULL, NULL, NULL, NULL),
(100, 4, 'weekday', '5561', '2016-06-27 17:00:00', '2016-09-04 00:39:41', '2016-09-04 00:39:41', NULL, NULL, NULL, NULL, NULL, NULL, NULL, NULL, NULL, NULL, NULL, NULL, NULL, NULL, NULL, NULL, NULL, NULL, NULL, NULL, NULL, NULL, NULL, NULL, NULL, NULL, NULL, NULL, NULL, NULL, NULL, NULL, NULL, NULL, NULL, NULL, NULL, NULL, NULL, NULL, NULL, NULL, NULL, NULL, NULL, NULL, NULL, NULL, NULL),
(101, 1, 'weekday', '22252', '2016-06-28 17:00:00', '2016-09-04 00:39:41', '2016-09-04 00:39:41', NULL, NULL, NULL, NULL, NULL, NULL, NULL, NULL, NULL, NULL, NULL, NULL, NULL, NULL, NULL, NULL, NULL, NULL, NULL, NULL, NULL, NULL, NULL, NULL, NULL, NULL, NULL, NULL, NULL, NULL, NULL, NULL, NULL, NULL, NULL, NULL, NULL, NULL, NULL, NULL, NULL, NULL, NULL, NULL, NULL, NULL, NULL, NULL, NULL),
(102, 2, 'weekday', '20034', '2016-06-28 17:00:00', '2016-09-04 00:39:41', '2016-09-04 00:39:41', NULL, NULL, NULL, NULL, NULL, NULL, NULL, NULL, NULL, NULL, NULL, NULL, NULL, NULL, NULL, NULL, NULL, NULL, NULL, NULL, NULL, NULL, NULL, NULL, NULL, NULL, NULL, NULL, NULL, NULL, NULL, NULL, NULL, NULL, NULL, NULL, NULL, NULL, NULL, NULL, NULL, NULL, NULL, NULL, NULL, NULL, NULL, NULL, NULL),
(103, 3, 'weekday', '7713', '2016-06-28 17:00:00', '2016-09-04 00:39:41', '2016-09-04 00:39:41', NULL, NULL, NULL, NULL, NULL, NULL, NULL, NULL, NULL, NULL, NULL, NULL, NULL, NULL, NULL, NULL, NULL, NULL, NULL, NULL, NULL, NULL, NULL, NULL, NULL, NULL, NULL, NULL, NULL, NULL, NULL, NULL, NULL, NULL, NULL, NULL, NULL, NULL, NULL, NULL, NULL, NULL, NULL, NULL, NULL, NULL, NULL, NULL, NULL),
(104, 4, 'weekday', '5483', '2016-06-28 17:00:00', '2016-09-04 00:39:41', '2016-09-04 00:39:41', NULL, NULL, NULL, NULL, NULL, NULL, NULL, NULL, NULL, NULL, NULL, NULL, NULL, NULL, NULL, NULL, NULL, NULL, NULL, NULL, NULL, NULL, NULL, NULL, NULL, NULL, NULL, NULL, NULL, NULL, NULL, NULL, NULL, NULL, NULL, NULL, NULL, NULL, NULL, NULL, NULL, NULL, NULL, NULL, NULL, NULL, NULL, NULL, NULL),
(105, 1, 'weekday', '23327', '2016-06-29 17:00:00', '2016-09-04 00:39:41', '2016-09-04 00:39:41', NULL, NULL, NULL, NULL, NULL, NULL, NULL, NULL, NULL, NULL, NULL, NULL, NULL, NULL, NULL, NULL, NULL, NULL, NULL, NULL, NULL, NULL, NULL, NULL, NULL, NULL, NULL, NULL, NULL, NULL, NULL, NULL, NULL, NULL, NULL, NULL, NULL, NULL, NULL, NULL, NULL, NULL, NULL, NULL, NULL, NULL, NULL, NULL, NULL),
(106, 2, 'weekday', '19839', '2016-06-29 17:00:00', '2016-09-04 00:39:41', '2016-09-04 00:39:41', NULL, NULL, NULL, NULL, NULL, NULL, NULL, NULL, NULL, NULL, NULL, NULL, NULL, NULL, NULL, NULL, NULL, NULL, NULL, NULL, NULL, NULL, NULL, NULL, NULL, NULL, NULL, NULL, NULL, NULL, NULL, NULL, NULL, NULL, NULL, NULL, NULL, NULL, NULL, NULL, NULL, NULL, NULL, NULL, NULL, NULL, NULL, NULL, NULL),
(107, 3, 'weekday', '7505', '2016-06-29 17:00:00', '2016-09-04 00:39:41', '2016-09-04 00:39:41', NULL, NULL, NULL, NULL, NULL, NULL, NULL, NULL, NULL, NULL, NULL, NULL, NULL, NULL, NULL, NULL, NULL, NULL, NULL, NULL, NULL, NULL, NULL, NULL, NULL, NULL, NULL, NULL, NULL, NULL, NULL, NULL, NULL, NULL, NULL, NULL, NULL, NULL, NULL, NULL, NULL, NULL, NULL, NULL, NULL, NULL, NULL, NULL, NULL),
(108, 4, 'weekday', '5802', '2016-06-29 17:00:00', '2016-09-04 00:39:41', '2016-09-04 00:39:41', NULL, NULL, NULL, NULL, NULL, NULL, NULL, NULL, NULL, NULL, NULL, NULL, NULL, NULL, NULL, NULL, NULL, NULL, NULL, NULL, NULL, NULL, NULL, NULL, NULL, NULL, NULL, NULL, NULL, NULL, NULL, NULL, NULL, NULL, NULL, NULL, NULL, NULL, NULL, NULL, NULL, NULL, NULL, NULL, NULL, NULL, NULL, NULL, NULL),
(109, 1, 'weekday', '21920', '2016-06-30 17:00:00', '2016-09-04 00:39:41', '2016-09-04 00:39:41', NULL, NULL, NULL, NULL, NULL, NULL, NULL, NULL, NULL, NULL, NULL, NULL, NULL, NULL, NULL, NULL, NULL, NULL, NULL, NULL, NULL, NULL, NULL, NULL, NULL, NULL, NULL, NULL, NULL, NULL, NULL, NULL, NULL, NULL, NULL, NULL, NULL, NULL, NULL, NULL, NULL, NULL, NULL, NULL, NULL, NULL, NULL, NULL, NULL),
(110, 2, 'weekday', '15694', '2016-06-30 17:00:00', '2016-09-04 00:39:41', '2016-09-04 00:39:41', NULL, NULL, NULL, NULL, NULL, NULL, NULL, NULL, NULL, NULL, NULL, NULL, NULL, NULL, NULL, NULL, NULL, NULL, NULL, NULL, NULL, NULL, NULL, NULL, NULL, NULL, NULL, NULL, NULL, NULL, NULL, NULL, NULL, NULL, NULL, NULL, NULL, NULL, NULL, NULL, NULL, NULL, NULL, NULL, NULL, NULL, NULL, NULL, NULL),
(111, 3, 'weekday', '6391', '2016-06-30 17:00:00', '2016-09-04 00:39:41', '2016-09-04 00:39:41', NULL, NULL, NULL, NULL, NULL, NULL, NULL, NULL, NULL, NULL, NULL, NULL, NULL, NULL, NULL, NULL, NULL, NULL, NULL, NULL, NULL, NULL, NULL, NULL, NULL, NULL, NULL, NULL, NULL, NULL, NULL, NULL, NULL, NULL, NULL, NULL, NULL, NULL, NULL, NULL, NULL, NULL, NULL, NULL, NULL, NULL, NULL, NULL, NULL),
(112, 4, 'weekday', '5987', '2016-06-30 17:00:00', '2016-09-04 00:39:41', '2016-09-04 00:39:41', NULL, NULL, NULL, NULL, NULL, NULL, NULL, NULL, NULL, NULL, NULL, NULL, NULL, NULL, NULL, NULL, NULL, NULL, NULL, NULL, NULL, NULL, NULL, NULL, NULL, NULL, NULL, NULL, NULL, NULL, NULL, NULL, NULL, NULL, NULL, NULL, NULL, NULL, NULL, NULL, NULL, NULL, NULL, NULL, NULL, NULL, NULL, NULL, NULL);

-- --------------------------------------------------------

--
-- Table structure for table `users`
--

CREATE TABLE `users` (
  `id` int(10) UNSIGNED NOT NULL,
  `name` varchar(255) COLLATE utf8_unicode_ci NOT NULL,
  `email` varchar(255) COLLATE utf8_unicode_ci NOT NULL,
  `password` varchar(255) COLLATE utf8_unicode_ci NOT NULL,
  `remember_token` varchar(100) COLLATE utf8_unicode_ci DEFAULT NULL,
  `created_at` timestamp NULL DEFAULT NULL,
  `updated_at` timestamp NULL DEFAULT NULL
) ENGINE=InnoDB DEFAULT CHARSET=utf8 COLLATE=utf8_unicode_ci;

--
-- Dumping data for table `users`
--

INSERT INTO `users` (`id`, `name`, `email`, `password`, `remember_token`, `created_at`, `updated_at`) VALUES
(1, 'semmi verian p', 'semmivp1@gmail.com', '$2y$10$.T9ZjqgLzFgZdW9qUnoXkudozFWeh9XTJoc3LT0hPZGWBNVpv4kQW', NULL, '2016-08-31 19:32:46', '2016-08-31 19:32:46');

--
-- Indexes for dumped tables
--

--
-- Indexes for table `graphics`
--
ALTER TABLE `graphics`
  ADD PRIMARY KEY (`id`);

--
-- Indexes for table `hometowns`
--
ALTER TABLE `hometowns`
  ADD PRIMARY KEY (`id`);

--
-- Indexes for table `locations`
--
ALTER TABLE `locations`
  ADD PRIMARY KEY (`id`);

--
-- Indexes for table `password_resets`
--
ALTER TABLE `password_resets`
  ADD KEY `password_resets_email_index` (`email`),
  ADD KEY `password_resets_token_index` (`token`);

--
-- Indexes for table `traffic`
--
ALTER TABLE `traffic`
  ADD PRIMARY KEY (`id`);

--
-- Indexes for table `users`
--
ALTER TABLE `users`
  ADD PRIMARY KEY (`id`),
  ADD UNIQUE KEY `users_email_unique` (`email`);

--
-- AUTO_INCREMENT for dumped tables
--

--
-- AUTO_INCREMENT for table `graphics`
--
ALTER TABLE `graphics`
  MODIFY `id` int(10) UNSIGNED NOT NULL AUTO_INCREMENT, AUTO_INCREMENT=57;
--
-- AUTO_INCREMENT for table `hometowns`
--
ALTER TABLE `hometowns`
  MODIFY `id` int(10) UNSIGNED NOT NULL AUTO_INCREMENT, AUTO_INCREMENT=561;
--
-- AUTO_INCREMENT for table `locations`
--
ALTER TABLE `locations`
  MODIFY `id` int(10) UNSIGNED NOT NULL AUTO_INCREMENT, AUTO_INCREMENT=5;
--
-- AUTO_INCREMENT for table `traffic`
--
ALTER TABLE `traffic`
  MODIFY `id` int(10) UNSIGNED NOT NULL AUTO_INCREMENT, AUTO_INCREMENT=113;
--
-- AUTO_INCREMENT for table `users`
--
ALTER TABLE `users`
  MODIFY `id` int(10) UNSIGNED NOT NULL AUTO_INCREMENT, AUTO_INCREMENT=2;
/*!40101 SET CHARACTER_SET_CLIENT=@OLD_CHARACTER_SET_CLIENT */;
/*!40101 SET CHARACTER_SET_RESULTS=@OLD_CHARACTER_SET_RESULTS */;
/*!40101 SET COLLATION_CONNECTION=@OLD_COLLATION_CONNECTION */;
